Workbook

Sheet Loss Development Triangles
B6: Combined Cumulative Net Losses Across All Business
B8: Years in which losses where incurred | C8: 0 | D8: 1 | E8: 2 | F8: 3 | G8: 4 | H8: 5 | I8: 6 | J8: 7 | K8: 8 | L8: 9
B9: 2016 | C9: 7964946 | D9: 11241095 | E9: 13257988 | F9: 14688022 | G9: 15458491 | H9: 15962513 | I9: 16386278 | J9: 16606627 | K9: 16825042 | L9: 16930457
B10: 2017 | C10: 8618133 | D10: 13151813 | E10: 15225336 | F10: 16352926 | G10: 17458322 | H10: 18197608 | I10: 18712239 | J10: 19057962 | K10: 19282126 | L10: 0
B11: 2018 | C11: 9145166 | D11: 13760904 | E11: 15726441 | F11: 17194799 | G11: 18409660 | H11: 19226690 | I11: 19772597 | J11: 20057256 | K11: 0 | L11: 0
B12: 2019 | C12: 9582716 | D12: 13549187 | E12: 15775684 | F12: 17451029 | G12: 18628084 | H12: 19475321 | I12: 20076247 | J12: 0 | K12: 0 | L12: 0
B13: 2020 | C13: 8890414 | D13: 12727542 | E13: 14507599 | F13: 15905843 | G13: 16881346 | H13: 17700445 | I13: 0 | J13: 0 | K13: 0 | L13: 0
B14: 2021 | C14: 10145792 | D14: 14969273 | E14: 17144340 | F14: 18656299 | G14: 19547276 | H14: 0 | I14: 0 | J14: 0 | K14: 0 | L14: 0
B15: 2022 | C15: 11236402 | D15: 17635295 | E15: 20206175 | F15: 21757828 | G15: 0 | H15: 0 | I15: 0 | J15: 0 | K15: 0 | L15: 0
B16: 2023 | C16: 12732411 | D16: 18531516 | E16: 20987296 | F16: 0 | G16: 0 | H16: 0 | I16: 0 | J16: 0 | K16: 0 | L16: 0
B17: 2024 | C17: 9959683 | D17: 14658662 | E17: 0 | F17: 0 | G17: 0 | H17: 0 | I17: 0 | J17: 0 | K17: 0 | L17: 0
B18: 2025 | C18: 8433068 | D18: 0 | E18: 0 | F18: 0 | G18: 0 | H18: 0 | I18: 0 | J18: 0 | K18: 0 | L18: 0
B26: Cumulative Net losses For Homeowners and Farmowners
B28: Years in which losses where incurred | C28: 0 | D28: 1 | E28: 2 | F28: 3 | G28: 4 | H28: 5 | I28: 6 | J28: 7 | K28: 8 | L28: 9
B29: 2016 | C29: 2423845 | D29: 3091246 | E29: 3211023 | F29: 3264217 | G29: 3286436 | H29: 3296712 | I29: 3303156 | J29: 3310486 | K29: 3318809 | L29: 3321354
B30: 2017 | C30: 2870888 | D30: 3633255 | E30: 3856307 | F30: 3752149 | G30: 3789187 | H30: 3803008 | I30: 3809519 | J30: 3817286 | K30: 3820003 | L30: 0
B31: 2018 | C31: 2620286 | D31: 3502130 | E31: 3597539 | F31: 3649075 | G31: 3685401 | H31: 3706398 | I31: 3717877 | J31: 3721713 | K31: 0 | L31: 0
B32: 2019 | C32: 2671576 | D32: 3554709 | E32: 3725461 | F32: 3789792 | G32: 3834923 | H32: 3857832 | I32: 3866451 | J32: 0 | K32: 0 | L32: 0
B33: 2020 | C33: 3010217 | D33: 4101536 | E33: 4308749 | F33: 4402119 | G33: 4444123 | H33: 4460628 | I33: 0 | J33: 0 | K33: 0 | L33: 0
B34: 2021 | C34: 3746198 | D34: 5158177 | E34: 5332074 | F34: 5411191 | G34: 5444061 | H34: 0 | I34: 0 | J34: 0 | K34: 0 | L34: 0
B35: 2022 | C35: 3523779 | D35: 5210673 | E35: 5467954 | F35: 5559443 | G35: 0 | H35: 0 | I35: 0 | J35: 0 | K35: 0 | L35: 0
B36: 2023 | C36: 4630317 | D36: 6223329 | E36: 6505882 | F36: 0 | G36: 0 | H36: 0 | I36: 0 | J36: 0 | K36: 0 | L36: 0
B37: 2024 | C37: 3558853 | D37: 4830559 | E37: 0 | F37: 0 | G37: 0 | H37: 0 | I37: 0 | J37: 0 | K37: 0 | L37: 0
B38: 2025 | C38: 3401457 | D38: 0 | E38: 0 | F38: 0 | G38: 0 | H38: 0 | I38: 0 | J38: 0 | K38: 0 | L38: 0
B44: Cumulative Net losses For PRIVATE PASSENGER AUTO LIABILITY/MEDICAL
B46: Years in which losses where incurred | C46: 0 | D46: 1 | E46: 2 | F46: 3 | G46: 4 | H46: 5 | I46: 6 | J46: 7 | K46: 8 | L46: 9
B47: 2016 | C47: 1665096 | D47: 3019298 | E47: 3761891 | F47: 4244638 | G47: 4469729 | H47: 4594118 | I47: 4672661 | J47: 4706971 | K47: 4731272 | L47: 4737279
B48: 2017 | C48: 1658881 | D48: 3030214 | E48: 3739995 | F48: 4152308 | G48: 4429615 | H48: 4599778 | I48: 4677407 | J48: 4710523 | K48: 4717707 | L48: 0
B49: 2018 | C49: 1631008 | D49: 3004977 | E49: 3689877 | F49: 4167167 | G49: 4468749 | H49: 4629166 | I49: 4717380 | J49: 4735270 | K49: 0 | L49: 0
B50: 2019 | C50: 1634420 | D50: 2900718 | E50: 3622492 | F50: 4130626 | G50: 4452611 | H50: 4590971 | I50: 4640838 | J50: 0 | K50: 0 | L50: 0
B51: 2020 | C51: 1262753 | D51: 2336814 | E51: 2945538 | F51: 3371223 | G51: 3564490 | H51: 3636672 | I51: 0 | J51: 0 | K51: 0 | L51: 0
B52: 2021 | C52: 1558964 | D52: 3111483 | E52: 3994070 | F52: 4468657 | G52: 4674585 | H52: 0 | I52: 0 | J52: 0 | K52: 0 | L52: 0
B53: 2022 | C53: 1949133 | D53: 3839271 | E53: 4758065 | F53: 5218593 | H53: 0 | I53: 0 | J53: 0 | K53: 0 | L53: 0
B54: 2023 | C54: 1870969 | D54: 3569997 | E54: 4418368 | F54: 0 | G54: 0 | H54: 0 | I54: 0 | J54: 0 | K54: 0 | L54: 0
B55: 2024 | C55: 1563421 | D55: 2908115 | E55: 0 | F55: 0 | G55: 0 | H55: 0 | I55: 0 | J55: 0 | K55: 0 | L55: 0
B56: 2025 | C56: 1180595 | D56: 0 | E56: 0 | F56: 0 | G56: 0 | H56: 0 | I56: 0 | J56: 0 | K56: 0 | L56: 0
B62: Cumulative Net losses For COMMERCIAL AUTO/TRUCK LIABILITY/MEDICAL
B64: Years in which losses where incurred | C64: 0 | D64: 1 | E64: 2 | F64: 3 | G64: 4 | H64: 5 | I64: 6 | J64: 7 | K64: 8 | L64: 9
B65: 2016 | C65: 181551 | D65: 439630 | E65: 720054 | F65: 949065 | G65: 1058473 | H65: 1107963 | I65: 1146391 | J65: 1165788 | K65: 1172562 | L65: 1174894
B66: 2017 | C66: 197593 | D66: 475939 | E66: 735503 | F66: 915383 | G66: 1039547 | H66: 1133959 | I66: 1190862 | J66: 1209299 | K66: 1217856 | L66: 0
B67: 2018 | C67: 188800 | D67: 440434 | E67: 678464 | F67: 863368 | G67: 1039210 | H67: 1141449 | I67: 1186346 | J67: 1208500 | K67: 0 | L67: 0
B68: 2019 | C68: 172783 | D68: 404194 | E68: 602509 | F68: 825369 | G68: 1031849 | H68: 1128379 | I68: 1163487 | J68: 0 | K68: 0 | L68: 0
B69: 2020 | C69: 124981 | D69: 283153 | E69: 475203 | F69: 667486 | G69: 801181 | H69: 853119 | I69: 0 | J69: 0 | K69: 0 | L69: 0
B70: 2021 | C70: 134272 | D70: 349929 | E70: 589902 | F70: 782375 | G70: 920892 | H70: 0 | I70: 0 | J70: 0 | K70: 0 | L70: 0
B71: 2022 | C71: 171783 | D71: 450508 | E71: 734045 | F71: 977744 | G71: 0 | H71: 0 | I71: 0 | J71: 0 | K71: 0 | L71: 0
B72: 2023 | C72: 176995 | D72: 452136 | E72: 748590 | F72: 0 | G72: 0 | H72: 0 | I72: 0 | J72: 0 | K72: 0 | L72: 0
B73: 2024 | C73: 157365 | D73: 433276 | E73: 0 | F73: 0 | G73: 0 | H73: 0 | I73: 0 | J73: 0 | K73: 0 | L73: 0
B74: 2025 | C74: 142813 | D74: 0 | E74: 0 | F74: 0 | G74: 0 | H74: 0 | I74: 0 | J74: 0 | K74: 0 | L74: 0
B80: Cumulative Net losses For WORKERS' COMPENSATION
B82: Years in which losses where incurred | C82: 0 | D82: 1 | E82: 2 | F82: 3 | G82: 4 | H82: 5 | I82: 6 | J82: 7 | K82: 8 | L82: 9
B83: 2016 | C83: 214076 | D83: 483884 | E83: 628326 | F83: 722346 | G83: 778592 | H83: 821655 | I83: 834987 | J83: 852104 | K83: 865533 | L83: 882071
B84: 2017 | C84: 217634 | D84: 476915 | E84: 630488 | F84: 720805 | G84: 786080 | H84: 831171 | I84: 828002 | J84: 853127 | K84: 885476 | L84: 0
B85: 2018 | C85: 214009 | D85: 509473 | E85: 664604 | F85: 761923 | G85: 834342 | H85: 877692 | I85: 906073 | J85: 931965 | K85: 0 | L85: 0
B86: 2019 | C86: 256345 | D86: 548709 | E86: 720575 | F86: 842595 | G86: 918496 | H86: 973337 | I86: 1014171 | J86: 0 | K86: 0 | L86: 0
B87: 2020 | C87: 201770 | D87: 431008 | E87: 560469 | F87: 664076 | G87: 729665 | H87: 776863 | I87: 0 | J87: 0 | K87: 0 | L87: 0
B88: 2021 | C88: 185769 | D88: 402245 | E88: 535540 | F88: 636560 | G88: 691109 | H88: 0 | I88: 0 | J88: 0 | K88: 0 | L88: 0
B89: 2022 | C89: 183814 | D89: 424722 | E89: 578321 | F89: 675371 | G89: 0 | H89: 0 | I89: 0 | J89: 0 | K89: 0 | L89: 0
B90: 2023 | C90: 165840 | D90: 364652 | E90: 479925 | F90: 0 | G90: 0 | H90: 0 | I90: 0 | J90: 0 | K90: 0 | L90: 0
B91: 2024 | C91: 139976 | D91: 288449 | E91: 0 | F91: 0 | G91: 0 | H91: 0 | I91: 0 | J91: 0 | K91: 0 | L91: 0
B92: 2025 | C92: 119201 | D92: 0 | E92: 0 | F92: 0 | G92: 0 | H92: 0 | I92: 0 | J92: 0 | K92: 0 | L92: 0
B98: Cumulative Net losses For COMMERCIAL MULTIPLE PERIL
B100: Years in which losses where incurred | C100: 0 | D100: 1 | E100: 2 | F100: 3 | G100: 4 | H100: 5 | I100: 6 | J100: 7 | K100: 8 | L100: 9
B101: 2016 | C101: 447051 | D101: 759363 | E101: 937853 | F101: 1073113 | G101: 1174798 | H101: 1220559 | I101: 1263301 | J101: 1296610 | K101: 1310134 | L101: 1324692
B102: 2017 | C102: 580891 | D102: 1185943 | E102: 1449938 | F102: 1594740 | G102: 1707003 | H102: 1804794 | I102: 1858445 | J102: 1893285 | K102: 1910066 | L102: 0
B103: 2018 | C103: 515211 | D103: 968686 | E103: 1196016 | F103: 1334954 | G103: 1487215 | H103: 1570677 | I103: 1637966 | J103: 1666684 | K103: 0 | L103: 0
B104: 2019 | C104: 490801 | D104: 845005 | E104: 1018932 | F104: 1201787 | G104: 1333770 | H104: 1415317 | I104: 1470307 | J104: 0 | K104: 0 | L104: 0
B105: 2020 | C105: 562131 | D105: 908993 | E105: 1050642 | F105: 1156915 | G105: 1273088 | H105: 1355547 | I105: 0 | J105: 0 | K105: 0 | L105: 0
B106: 2021 | C106: 511694 | D106: 894349 | E106: 1055133 | F106: 1181627 | G106: 1281860 | H106: 0 | I106: 0 | J106: 0 | K106: 0 | L106: 0
B107: 2022 | C107: 455769 | D107: 972944 | E107: 1150835 | F107: 1298324 | G107: 0 | H107: 0 | I107: 0 | J107: 0 | K107: 0 | L107: 0
B108: 2023 | C108: 456261 | D108: 784262 | E108: 953030 | F108: 0 | G108: 0 | H108: 0 | I108: 0 | J108: 0 | K108: 0 | L108: 0
B109: 2024 | C109: 405506 | D109: 622461 | E109: 0 | F109: 0 | G109: 0 | H109: 0 | I109: 0 | J109: 0 | K109: 0 | L109: 0
B110: 2025 | C110: 248722 | D110: 0 | E110: 0 | F110: 0 | G110: 0 | H110: 0 | I110: 0 | J110: 0 | K110: 0 | L110: 0

Sheet year to ultimate LDF
C8: Volume weighted loss development factor | E8: Year to ultimate loss development factor
C9: f1 | D9: =SUM('Loss Development Triangles'!D9:D17)/SUM('Loss Development Triangles'!C9:C17) -> 1.4752117 | E9: 1 to ultimate | F9: =PRODUCT(D9:D17) -> 2.1784187
C10: f2 | D10: =SUM('Loss Development Triangles'!E9:E16)/SUM('Loss Development Triangles'!D9:D16) -> 1.1493877 | E10: 2 to ultimate | F10: =PRODUCT(D10:D17) -> 1.4766822
C11: f3 | D11: =SUM('Loss Development Triangles'!F9:F15)/SUM('Loss Development Triangles'!E9:E15) -> 1.0908696 | E11: 3 to ultimate | F11: =PRODUCT(D11:D17) -> 1.2847555
C12: f4 | D12: =SUM('Loss Development Triangles'!G9:G14)/SUM('Loss Development Triangles'!F9:F14) -> 1.0611903 | E12: 4 to ultimate | F12: =PRODUCT(D12:D17) -> 1.1777351
C13: f5 | D13: =SUM('Loss Development Triangles'!H9:H13)/SUM('Loss Development Triangles'!G9:G13) -> 1.0429163 | E13: 5 to ultimate | F13: =PRODUCT(D13:D17) -> 1.1098246
C14: f6 | D14: =SUM('Loss Development Triangles'!I9:I12)/SUM('Loss Development Triangles'!H9:H12) -> 1.0286188 | E14: 6 to ultimate | F14: =PRODUCT(D14:D17) -> 1.064155
C15: f7 | D15: =SUM('Loss Development Triangles'!J9:J11)/SUM('Loss Development Triangles'!I9:I11) -> 1.0155042 | E15: 7 to ultimate | F15: =PRODUCT(D15:D17) -> 1.0345475
C16: f8 | D16: =SUM('Loss Development Triangles'!K9:K10)/SUM('Loss Development Triangles'!J9:J10) -> 1.0124095 | E16: 8 to ultimate | F16: =PRODUCT(D16:D17) -> 1.0187526
C17: f9 | D17: =SUM('Loss Development Triangles'!L9)/SUM('Loss Development Triangles'!K9) -> 1.0062654 | E17: 9 to ultimate | F17: =PRODUCT(D17) -> 1.0062654
C18: f10 | D18: 1 | E18: 10 to ultimate | F18: 1
C28: Volume weighted loss development factor | E28: Year to ultimate loss development factor
C29: f1 | D29: =SUM('Loss Development Triangles'!D29:D37)/SUM('Loss Development Triangles'!C29:C37) -> 1.3527557 | E29: 1 to ultimate | F29: =PRODUCT(D29:D37) -> 1.456793
C30: f2 | D30: =SUM('Loss Development Triangles'!E29:E36)/SUM('Loss Development Triangles'!D29:D36) -> 1.044378 | E30: 2 to ultimate | F30: =PRODUCT(D30:D37) -> 1.0769077
C31: f3 | D31: =SUM('Loss Development Triangles'!F29:F35)/SUM('Loss Development Triangles'!E29:E35) -> 1.0111488 | E31: 3 to ultimate | F31: =PRODUCT(D31:D37) -> 1.0311474
C32: f4 | D32: =SUM('Loss Development Triangles'!G29:G34)/SUM('Loss Development Triangles'!F29:F34) -> 1.0088834 | E32: 4 to ultimate | F32: =PRODUCT(D32:D37) -> 1.0197782
C33: f5 | D33: =SUM('Loss Development Triangles'!H29:H33)/SUM('Loss Development Triangles'!G29:G33) -> 1.0044384 | E33: 5 to ultimate | F33: =PRODUCT(D33:D37) -> 1.0107988
C34: f6 | D34: =SUM('Loss Development Triangles'!I29:I32)/SUM('Loss Development Triangles'!H29:H32) -> 1.002254 | E34: 6 to ultimate | F34: =PRODUCT(D34:D37) -> 1.0063323
C35: f7 | D35: =SUM('Loss Development Triangles'!J29:J31)/SUM('Loss Development Triangles'!I29:I31) -> 1.0017481 | E35: 7 to ultimate | F35: =PRODUCT(D35:D37) -> 1.0040691
C36: f8 | D36: =SUM('Loss Development Triangles'!K29:K30)/SUM('Loss Development Triangles'!J29:J30) -> 1.0015489 | E36: 8 to ultimate | F36: =PRODUCT(D36:D37) -> 1.0023169
C37: f9 | D37: =SUM('Loss Development Triangles'!L29)/SUM('Loss Development Triangles'!K29) -> 1.0007668 | E37: 9 to ultimate | F37: =PRODUCT(D37) -> 1.0007668
C38: f10 | D38: 1 | E38: 10 to ultimate | F38: 1
C46: Volume weighted loss development factor | E46: Year to ultimate loss development factor
C47: f1 | D47: =SUM('Loss Development Triangles'!D47:D55)/SUM('Loss Development Triangles'!C47:C55) -> 1.8737109 | E47: 1 to ultimate | F47: =PRODUCT(D47:D55) -> 2.9479235
C48: f2 | D48: =SUM('Loss Development Triangles'!E47:E54)/SUM('Loss Development Triangles'!D47:D54) -> 1.2465474 | E48: 2 to ultimate | F48: =PRODUCT(D48:D55) -> 1.5733076
C49: f3 | D49: =SUM('Loss Development Triangles'!F47:F53)/SUM('Loss Development Triangles'!E47:E53) -> 1.1222576 | E49: 3 to ultimate | F49: =PRODUCT(D49:D55) -> 1.2621322
C50: f4 | D50: =SUM('Loss Development Triangles'!G47:G52)/SUM('Loss Development Triangles'!F47:F52) -> 1.0621636 | E50: 4 to ultimate | F50: =PRODUCT(D50:D55) -> 1.1246368
C51: f5 | D51: =SUM('Loss Development Triangles'!H47:H51)/SUM('Loss Development Triangles'!G47:G51) -> 1.0311202 | E51: 5 to ultimate | F51: =PRODUCT(D51:D55) -> 1.058817
C52: f6 | D52: =SUM('Loss Development Triangles'!I47:I50)/SUM('Loss Development Triangles'!H47:H50) -> 1.0159798 | E52: 6 to ultimate | F52: =PRODUCT(D52:D55) -> 1.0268609
C53: f7 | D53: =SUM('Loss Development Triangles'!J47:J49)/SUM('Loss Development Triangles'!I47:I49) -> 1.0060648 | E53: 7 to ultimate | F53: =PRODUCT(D53:D55) -> 1.0107099
C54: f8 | D54: =SUM('Loss Development Triangles'!K47:K48)/SUM('Loss Development Triangles'!J47:J48) -> 1.0033432 | E54: 8 to ultimate | F54: =PRODUCT(D54:D55) -> 1.0046171
C55: f9 | D55: =SUM('Loss Development Triangles'!L47)/SUM('Loss Development Triangles'!K47) -> 1.0012696 | E55: 9 to ultimate | F55: =PRODUCT(D55) -> 1.0012696
C56: f10 | D56: 1 | E56: 10 to ultimate | F56: 1
C64: Volume weighted loss development factor | E64: Year to ultimate loss development factor
C65: f1 | D65: =SUM('Loss Development Triangles'!D65:D73)/SUM('Loss Development Triangles'!C65:C73) -> 2.4760255 | E65: 1 to ultimate | F65: =PRODUCT(D65:D73) -> 7.0887804
C66: f2 | D66: =SUM('Loss Development Triangles'!E65:E72)/SUM('Loss Development Triangles'!D65:D72) -> 1.6032747 | E66: 2 to ultimate | F66: =PRODUCT(D66:D73) -> 2.8629674
C67: f3 | D67: =SUM('Loss Development Triangles'!F65:F71)/SUM('Loss Development Triangles'!E65:E71) -> 1.3186093 | E67: 3 to ultimate | F67: =PRODUCT(D67:D73) -> 1.7856998
C68: f4 | D68: =SUM('Loss Development Triangles'!G65:G70)/SUM('Loss Development Triangles'!F65:F70) -> 1.1775131 | E68: 4 to ultimate | F68: =PRODUCT(D68:D73) -> 1.3542296
C69: f5 | D69: =SUM('Loss Development Triangles'!H65:H69)/SUM('Loss Development Triangles'!G65:G69) -> 1.079394 | E69: 5 to ultimate | F69: =PRODUCT(D69:D73) -> 1.1500761
C70: f6 | D70: =SUM('Loss Development Triangles'!I65:I68)/SUM('Loss Development Triangles'!H65:H68) -> 1.0388621 | E70: 6 to ultimate | F70: =PRODUCT(D70:D73) -> 1.0654831
C71: f7 | D71: =SUM('Loss Development Triangles'!J65:J67)/SUM('Loss Development Triangles'!I65:I67) -> 1.0170246 | E71: 7 to ultimate | F71: =PRODUCT(D71:D73) -> 1.0256252
C72: f8 | D72: =SUM('Loss Development Triangles'!K65:K66)/SUM('Loss Development Triangles'!J65:J66) -> 1.0064549 | E72: 8 to ultimate | F72: =PRODUCT(D72:D73) -> 1.0084566
C73: f9 | D73: =SUM('Loss Development Triangles'!L65)/SUM('Loss Development Triangles'!K65) -> 1.0019888 | E73: 9 to ultimate | F73: =PRODUCT(D73) -> 1.0019888
C74: f10 | D74: 1 | E74: 10 to ultimate | F74: 1
C82: Volume weighted loss development factor | E82: Year to ultimate loss development factor
C83: f1 | D83: =SUM('Loss Development Triangles'!D83:D91)/SUM('Loss Development Triangles'!C83:C91) -> 2.208849 | E83: 1 to ultimate | F83: =PRODUCT(D83:D91) -> 4.2869613
C84: f2 | D84: =SUM('Loss Development Triangles'!E83:E90)/SUM('Loss Development Triangles'!D83:D90) -> 1.3176179 | E84: 2 to ultimate | F84: =PRODUCT(D84:D91) -> 1.9408123
C85: f3 | D85: =SUM('Loss Development Triangles'!F83:F89)/SUM('Loss Development Triangles'!E83:E89) -> 1.1633396 | E85: 3 to ultimate | F85: =PRODUCT(D85:D91) -> 1.4729705
C86: f4 | D86: =SUM('Loss Development Triangles'!G83:G88)/SUM('Loss Development Triangles'!F83:F88) -> 1.0896853 | E86: 4 to ultimate | F86: =PRODUCT(D86:D91) -> 1.2661569
C87: f5 | D87: =SUM('Loss Development Triangles'!H83:H87)/SUM('Loss Development Triangles'!G83:G87) -> 1.0577052 | E87: 5 to ultimate | F87: =PRODUCT(D87:D91) -> 1.1619474
C88: f6 | D88: =SUM('Loss Development Triangles'!I83:I86)/SUM('Loss Development Triangles'!H83:H86) -> 1.0226545 | E88: 6 to ultimate | F88: =PRODUCT(D88:D91) -> 1.098555
C89: f7 | D89: =SUM('Loss Development Triangles'!J83:J85)/SUM('Loss Development Triangles'!I83:I85) -> 1.026521 | E89: 7 to ultimate | F89: =PRODUCT(D89:D91) -> 1.0742192
C90: f8 | D90: =SUM('Loss Development Triangles'!K83:K84)/SUM('Loss Development Triangles'!J83:J84) -> 1.0268456 | E90: 8 to ultimate | F90: =PRODUCT(D90:D91) -> 1.0464659
C91: f9 | D91: =SUM('Loss Development Triangles'!L83)/SUM('Loss Development Triangles'!K83) -> 1.0191073 | E91: 9 to ultimate | F91: =PRODUCT(D91) -> 1.0191073
C92: f10 | D92: 1 | E92: 10 to ultimate | F92: 1
C100: Volume weighted loss development factor | E100: Year to ultimate loss development factor
C101: f1 | D101: =SUM('Loss Development Triangles'!D101:D109)/SUM('Loss Development Triangles'!C101:C109) -> 1.7946759 | E101: 1 to ultimate | F101: =PRODUCT(D101:D109) -> 3.0331946
C102: f2 | D102: =SUM('Loss Development Triangles'!E101:E108)/SUM('Loss Development Triangles'!D101:D108) -> 1.2039517 | E102: 2 to ultimate | F102: =PRODUCT(D102:D109) -> 1.6901072
C103: f3 | D103: =SUM('Loss Development Triangles'!F101:F107)/SUM('Loss Development Triangles'!E101:E107) -> 1.1249609 | E103: 3 to ultimate | F103: =PRODUCT(D103:D109) -> 1.4037998
C104: f4 | D104: =SUM('Loss Development Triangles'!G101:G106)/SUM('Loss Development Triangles'!F101:F106) -> 1.0947349 | E104: 4 to ultimate | F104: =PRODUCT(D104:D109) -> 1.2478654
C105: f5 | D105: =SUM('Loss Development Triangles'!H101:H105)/SUM('Loss Development Triangles'!G101:G105) -> 1.0560532 | E105: 5 to ultimate | F105: =PRODUCT(D105:D109) -> 1.1398791
C106: f6 | D106: =SUM('Loss Development Triangles'!I101:I104)/SUM('Loss Development Triangles'!H101:H104) -> 1.0363765 | E106: 6 to ultimate | F106: =PRODUCT(D106:D109) -> 1.0793766
C107: f7 | D107: =SUM('Loss Development Triangles'!J101:J103)/SUM('Loss Development Triangles'!I101:I103) -> 1.0203514 | E107: 7 to ultimate | F107: =PRODUCT(D107:D109) -> 1.0414908
C108: f8 | D108: =SUM('Loss Development Triangles'!K101:K102)/SUM('Loss Development Triangles'!J101:J102) -> 1.0095003 | E108: 8 to ultimate | F108: =PRODUCT(D108:D109) -> 1.0207177
C109: f9 | D109: =SUM('Loss Development Triangles'!L101)/SUM('Loss Development Triangles'!K101) -> 1.0111118 | E109: 9 to ultimate | F109: =PRODUCT(D109) -> 1.0111118
C110: f10 | D110: 1 | E110: 10 to ultimate | F110: 1

Sheet loss reserve and loss ratio
C8: Accident Year | D8: Cumulative paid loss to date | E8: Age at latest evaluation | F8: Ultimate Loss development Factor | G8: Expected Loss(Chain Ladder Method) | H8: Loss Reserves(Chain Ladder Method) | I8: Earned Premiums | J8: Expected Loss Ratio
C9: 2016 | D9: 16930457 | E9: 9 | F9: 1 | G9: =PRODUCT(D9,F9) -> 16930457 | H9: =G9-D9 -> 0 | I9: 27962781 | J9: =(G9/I9)*100 -> 60.546399
C10: 2017 | D10: 19282126 | E10: 8 | F10: 1.0062654 | G10: =PRODUCT(D10,F10) -> 19402936 | H10: =G10-D10 -> 120809.52 | I10: 29548681 | J10: =(G10/I10)*100 -> 65.664303
C11: 2018 | D11: 20057256 | E11: 7 | F11: 1.0187526 | G11: =PRODUCT(D11,F11) -> 20433382 | H11: =G11-D11 -> 376125.56 | I11: 32980754 | J11: =(G11/I11)*100 -> 61.955471
C12: 2019 | D12: 20076247 | E12: 6 | F12: 1.0345475 | G12: =PRODUCT(D12,F12) -> 20769831 | H12: =G12-D12 -> 693584.24 | I12: 33877643 | J12: =(G12/I12)*100 -> 61.308372
C13: 2020 | D13: 17700445 | E13: 5 | F13: 1.064155 | G13: =PRODUCT(D13,F13) -> 18836018 | H13: =G13-D13 -> 1135572.8 | I13: 33865530 | J13: =(G13/I13)*100 -> 55.62003
C14: 2021 | D14: 19547276 | E14: 4 | F14: 1.1098246 | G14: =PRODUCT(D14,F14) -> 21694048 | H14: =G14-D14 -> 2146772.2 | I14: 34694312 | J14: =(G14/I14)*100 -> 62.529121
C15: 2022 | D15: 21757828 | E15: 3 | F15: 1.1777351 | G15: =PRODUCT(D15,F15) -> 25624958 | H15: =G15-D15 -> 3867130.1 | I15: 39110525 | J15: =(G15/I15)*100 -> 65.519341
C16: 2023 | D16: 20987296 | E16: 2 | F16: 1.2847555 | G16: =PRODUCT(D16,F16) -> 26963543 | H16: =G16-D16 -> 5976247.4 | I16: 40164363 | J16: =(G16/I16)*100 -> 67.133004
C17: 2024 | D17: 14658662 | E17: 1 | F17: 1.4766822 | G17: =PRODUCT(D17,F17) -> 21646185 | H17: =G17-D17 -> 6987522.6 | I17: 39257768 | J17: =(G17/I17)*100 -> 55.138602
C18: 2025 | D18: 8433068 | E18: 0 | F18: 2.1784187 | G18: =PRODUCT(D18,F18) -> 18370753 | H18: =G18-D18 -> 9937685.3 | I18: 38003928 | J18: =(G18/I18)*100 -> 48.339091
F19: Total | G19: =SUM(G9:G18) -> 2.1067211e+08 | H19: =SUM(H9:H18) -> 31241450 | I19: =SUM(I9:I18) -> 349466285 | J19: =(G19/I19)*100 -> 60.283959
C28: Accident Year | D28: Cumulative paid loss to date | E28: Age at latest evaluation | F28: Ultimate Loss development Factor | G28: Expected Loss(Chain Ladder Method) | H28: Loss Reserves(Chain Ladder Method) | I28: Earned Premiums | J28: Expected Loss Ratio
C29: 2016 | D29: 3321354 | E29: 9 | F29: 1 | G29: =PRODUCT(D29,F29) -> 3321354 | H29: =G29-D29 -> 0 | I29: 6199941 | J29: =(G29/I29)*100 -> 53.570736
C30: 2017 | D30: 3820003 | E30: 8 | F30: 1.0007668 | G30: =PRODUCT(D30,F30) -> 3822932.3 | H30: =G30-D30 -> 2929.3363 | I30: 6345477 | J30: =(G30/I30)*100 -> 60.246571
C31: 2018 | D31: 3721713 | E31: 7 | F31: 1.0023169 | G31: =PRODUCT(D31,F31) -> 3730335.8 | H31: =G31-D31 -> 8622.8375 | I31: 6654376 | J31: =(G31/I31)*100 -> 56.058387
C32: 2019 | D32: 3866451 | E32: 6 | F32: 1.0040691 | G32: =PRODUCT(D32,F32) -> 3882183.8 | H32: =G32-D32 -> 15732.824 | I32: 6874401 | J32: =(G32/I32)*100 -> 56.473049
C33: 2020 | D33: 4460628 | E33: 5 | F33: 1.0063323 | G33: =PRODUCT(D33,F33) -> 4488873.9 | H33: =G33-D33 -> 28245.873 | I33: 7099380 | J33: =(G33/I33)*100 -> 63.229097
C34: 2021 | D34: 5444061 | E34: 4 | F34: 1.0107988 | G34: =PRODUCT(D34,F34) -> 5502850.3 | H34: =G34-D34 -> 58789.315 | I34: 7701233 | J34: =(G34/I34)*100 -> 71.454147
C35: 2022 | D35: 5559443 | E35: 3 | F35: 1.0197782 | G35: =PRODUCT(D35,F35) -> 5669398.6 | H35: =G35-D35 -> 109955.57 | I35: 8512807 | J35: =(G35/I35)*100 -> 66.598462
C36: 2023 | D36: 6505882 | E36: 2 | F36: 1.0311474 | G36: =PRODUCT(D36,F36) -> 6708523.6 | H36: =G36-D36 -> 202641.59 | I36: 9279834 | J36: =(G36/I36)*100 -> 72.291418
C37: 2024 | D37: 4830559 | E37: 1 | F37: 1.0769077 | G37: =PRODUCT(D37,F37) -> 5202066.2 | H37: =G37-D37 -> 371507.2 | I37: 10193824 | J37: =(G37/I37)*100 -> 51.031548
C38: 2025 | D38: 3401457 | E38: 0 | F38: 1.456793 | G38: =PRODUCT(D38,F38) -> 4955218.8 | H38: =G38-D38 -> 1553761.8 | I38: 10452012 | J38: =(G38/I38)*100 -> 47.409234
F39: Total | G39: =SUM(G29:G38) -> 47283737 | H39: =SUM(H29:H38) -> 2352186.4 | I39: =SUM(I29:I38) -> 79313285 | J39: =(G39/I39)*100 -> 59.616415
C46: Accident Year | D46: Cumulative paid loss to date | E46: Age at latest evaluation | F46: Ultimate Loss development Factor | G46: Expected Loss(Chain Ladder Method) | H46: Loss Reserves(Chain Ladder Method) | I46: Earned Premiums | J46: Expected Loss Ratio
C47: 2016 | D47: 4737279 | E47: 9 | F47: 1 | G47: =PRODUCT(D47,F47) -> 4737279 | H47: =G47-D47 -> 0 | I47: 6267801 | J47: =(G47/I47)*100 -> 75.581197
C48: 2017 | D48: 4717707 | E48: 8 | F48: 1.0012696 | G48: =PRODUCT(D48,F48) -> 4723696.8 | H48: =G48-D48 -> 5989.7774 | I48: 6689561 | J48: =(G48/I48)*100 -> 70.612956
C49: 2018 | D49: 4735270 | E49: 7 | F49: 1.0046171 | G49: =PRODUCT(D49,F49) -> 4757133.3 | H49: =G49-D49 -> 21863.349 | I49: 7094989 | J49: =(G49/I49)*100 -> 67.0492
C50: 2019 | D50: 4640838 | E50: 6 | F50: 1.0107099 | G50: =PRODUCT(D50,F50) -> 4690541 | H50: =G50-D50 -> 49702.965 | I50: 7103034 | J50: =(G50/I50)*100 -> 66.035739
C51: 2020 | D51: 3636672 | E51: 5 | F51: 1.0268609 | G51: =PRODUCT(D51,F51) -> 3734356.2 | H51: =G51-D51 -> 97684.202 | I51: 6954739 | J51: =(G51/I51)*100 -> 53.695131
C52: 2021 | D52: 4674585 | E52: 4 | F52: 1.058817 | G52: =PRODUCT(D52,F52) -> 4949529.9 | H52: =G52-D52 -> 274944.92 | I52: 7368884 | J52: =(G52/I52)*100 -> 67.167972
C53: 2022 | D53: 5218593 | E53: 3 | F53: 1.1246368 | G53: =PRODUCT(D53,F53) -> 5869021.9 | H53: =G53-D53 -> 650428.91 | I53: 7845430 | J53: =(G53/I53)*100 -> 74.808161
C54: 2023 | D54: 4418368 | E54: 2 | F54: 1.2621322 | G54: =PRODUCT(D54,F54) -> 5576564.5 | H54: =G54-D54 -> 1158196.5 | I54: 7487936 | J54: =(G54/I54)*100 -> 74.473988
C55: 2024 | D55: 2908115 | E55: 1 | F55: 1.5733076 | G55: =PRODUCT(D55,F55) -> 4575359.4 | H55: =G55-D55 -> 1667244.4 | I55: 6887581 | J55: =(G55/I55)*100 -> 66.42912
C56: 2025 | D56: 1180595 | E56: 0 | F56: 2.9479235 | G56: =PRODUCT(D56,F56) -> 3480303.8 | H56: =G56-D56 -> 2299708.8 | I56: 6186321 | J56: =(G56/I56)*100 -> 56.258053
F57: Total | G57: =SUM(G47:G56) -> 47093786 | H57: =SUM(H47:H56) -> 6225763.9 | I57: =SUM(I47:I56) -> 69886276 | J57: =(G57/I57)*100 -> 67.386315
C64: Accident Year | D64: Cumulative paid loss to date | E64: Age at latest evaluation | F64: Ultimate Loss development Factor | G64: Expected Loss(Chain Ladder Method) | H64: Loss Reserves(Chain Ladder Method) | I64: Earned Premiums | J64: Expected Loss Ratio
C65: 2016 | D65: 1174894 | E65: 9 | F65: 1 | G65: =PRODUCT(D65,F65) -> 1174894 | H65: =G65-D65 -> 0 | I65: 1425900 | J65: =(G65/I65)*100 -> 82.396662
C66: 2017 | D66: 1217856 | E66: 8 | F66: 1.0019888 | G66: =PRODUCT(D66,F66) -> 1220278.1 | H66: =G66-D66 -> 2422.081 | I66: 1515575 | J66: =(G66/I66)*100 -> 80.515849
C67: 2018 | D67: 1208500 | E67: 7 | F67: 1.0084566 | G67: =PRODUCT(D67,F67) -> 1218719.8 | H67: =G67-D67 -> 10219.761 | I67: 1511812 | J67: =(G67/I67)*100 -> 80.613182
C68: 2019 | D68: 1163487 | E68: 6 | F68: 1.0256252 | G68: =PRODUCT(D68,F68) -> 1193301.6 | H68: =G68-D68 -> 29814.558 | I68: 1548861 | J68: =(G68/I68)*100 -> 77.043812
C69: 2020 | D69: 853119 | E69: 5 | F69: 1.0654831 | G69: =PRODUCT(D69,F69) -> 908983.88 | H69: =G69-D69 -> 55864.881 | I69: 1506500 | J69: =(G69/I69)*100 -> 60.337463
C70: 2021 | D70: 920892 | E70: 4 | F70: 1.1500761 | G70: =PRODUCT(D70,F70) -> 1059095.9 | H70: =G70-D70 -> 138203.89 | I70: 1534073 | J70: =(G70/I70)*100 -> 69.038168
C71: 2022 | D71: 977744 | E71: 3 | F71: 1.3542296 | G71: =PRODUCT(D71,F71) -> 1324089.9 | H71: =G71-D71 -> 346345.9 | I71: 1678505 | J71: =(G71/I71)*100 -> 78.885073
C72: 2023 | D72: 748590 | E72: 2 | F72: 1.7856998 | G72: =PRODUCT(D72,F72) -> 1336757 | H72: =G72-D72 -> 588167.05 | I72: 1803043 | J72: =(G72/I72)*100 -> 74.138944
C73: 2024 | D73: 433276 | E73: 1 | F73: 2.8629674 | G73: =PRODUCT(D73,F73) -> 1240455.1 | H73: =G73-D73 -> 807179.07 | I73: 1779728 | J73: =(G73/I73)*100 -> 69.699137
C74: 2025 | D74: 142813 | E74: 0 | F74: 7.0887804 | G74: =PRODUCT(D74,F74) -> 1012370 | H74: =G74-D74 -> 869556.99 | I74: 1787766 | J74: =(G74/I74)*100 -> 56.627657
F75: Total | G75: =SUM(G65:G74) -> 11688945 | H75: =SUM(H65:H74) -> 2847774.2 | I75: =SUM(I65:I74) -> 16091763 | J75: =(G75/I75)*100 -> 72.639307
C82: Accident Year | D82: Cumulative paid loss to date | E82: Age at latest evaluation | F82: Ultimate Loss development Factor | G82: Expected Loss(Chain Ladder Method) | H82: Loss Reserves(Chain Ladder Method) | I82: Earned Premiums | J82: Expected Loss Ratio
C83: 2016 | D83: 882071 | E83: 9 | F83: 1 | G83: =PRODUCT(D83,F83) -> 882071 | H83: =G83-D83 -> 0 | I83: 2057095 | J83: =(G83/I83)*100 -> 42.879449
C84: 2017 | D84: 885476 | E84: 8 | F84: 1.0191073 | G84: =PRODUCT(D84,F84) -> 902395.06 | H84: =G84-D84 -> 16919.057 | I84: 2148397 | J84: =(G84/I84)*100 -> 42.00318
C85: 2018 | D85: 931965 | E85: 7 | F85: 1.0464659 | G85: =PRODUCT(D85,F85) -> 975269.57 | H85: =G85-D85 -> 43304.573 | I85: 2057699 | J85: =(G85/I85)*100 -> 47.396124
C86: 2019 | D86: 1014171 | E86: 6 | F86: 1.0742192 | G86: =PRODUCT(D86,F86) -> 1089441.9 | H86: =G86-D86 -> 75270.922 | I86: 2147808 | J86: =(G86/I86)*100 -> 50.723432
C87: 2020 | D87: 776863 | E87: 5 | F87: 1.098555 | G87: =PRODUCT(D87,F87) -> 853426.76 | H87: =G87-D87 -> 76563.76 | I87: 1815054 | J87: =(G87/I87)*100 -> 47.019359
C88: 2021 | D88: 691109 | E88: 4 | F88: 1.1619474 | G88: =PRODUCT(D88,F88) -> 803032.28 | H88: =G88-D88 -> 111923.28 | I88: 1630463 | J88: =(G88/I88)*100 -> 49.251794
C89: 2022 | D89: 675371 | E89: 3 | F89: 1.2661569 | G89: =PRODUCT(D89,F89) -> 855125.68 | H89: =G89-D89 -> 179754.68 | I89: 1883543 | J89: =(G89/I89)*100 -> 45.399849
C90: 2023 | D90: 479925 | E90: 2 | F90: 1.4729705 | G90: =PRODUCT(D90,F90) -> 706915.35 | H90: =G90-D90 -> 226990.35 | I90: 1761078 | J90: =(G90/I90)*100 -> 40.141059
C91: 2024 | D91: 288449 | E91: 1 | F91: 1.9408123 | G91: =PRODUCT(D91,F91) -> 559825.37 | H91: =G91-D91 -> 271376.37 | I91: 1532679 | J91: =(G91/I91)*100 -> 36.525937
C92: 2025 | D92: 119201 | E92: 0 | F92: 4.2869613 | G92: =PRODUCT(D92,F92) -> 511010.07 | H92: =G92-D92 -> 391809.07 | I92: 1341793 | J92: =(G92/I92)*100 -> 38.084121
F93: Total | G93: =SUM(G83:G92) -> 8138513.1 | H93: =SUM(H83:H92) -> 1393912.1 | I93: =SUM(I83:I92) -> 18375609 | J93: =(G93/I93)*100 -> 44.28976
C100: Accident Year | D100: Cumulative paid loss to date | E100: Age at latest evaluation | F100: Ultimate Loss development Factor | G100: Expected Loss(Chain Ladder Method) | H100: Loss Reserves(Chain Ladder Method) | I100: Earned Premiums | J100: Expected Loss Ratio
C101: 2016 | D101: 1324692 | E101: 9 | F101: 1 | G101: =PRODUCT(D101,F101) -> 1324692 | H101: =G101-D101 -> 0 | I101: 2446198 | J101: =(G101/I101)*100 -> 54.153098
C102: 2017 | D102: 1910066 | E102: 8 | F102: 1.0111118 | G102: =PRODUCT(D102,F102) -> 1931290.3 | H102: =G102-D102 -> 21224.349 | I102: 2467697 | J102: =(G102/I102)*100 -> 78.262864
C103: 2018 | D103: 1666684 | E103: 7 | F103: 1.0207177 | G103: =PRODUCT(D103,F103) -> 1701213.9 | H103: =G103-D103 -> 34529.891 | I103: 2389467 | J103: =(G103/I103)*100 -> 71.196375
C104: 2019 | D104: 1470307 | E104: 6 | F104: 1.0414908 | G104: =PRODUCT(D104,F104) -> 1531311.2 | H104: =G104-D104 -> 61004.208 | I104: 2426825 | J104: =(G104/I104)*100 -> 63.099367
C105: 2020 | D105: 1355547 | E105: 5 | F105: 1.0793766 | G105: =PRODUCT(D105,F105) -> 1463145.7 | H105: =G105-D105 -> 107598.75 | I105: 2512292 | J105: =(G105/I105)*100 -> 58.239478
C106: 2021 | D106: 1281860 | E106: 4 | F106: 1.1398791 | G106: =PRODUCT(D106,F106) -> 1461165.5 | H106: =G106-D106 -> 179305.46 | I106: 2513684 | J106: =(G106/I106)*100 -> 58.128447
C107: 2022 | D107: 1298324 | E107: 3 | F107: 1.2478654 | G107: =PRODUCT(D107,F107) -> 1620133.6 | H107: =G107-D107 -> 321809.64 | I107: 2587529 | J107: =(G107/I107)*100 -> 62.613159
C108: 2023 | D108: 953030 | E108: 2 | F108: 1.4037998 | G108: =PRODUCT(D108,F108) -> 1337863.3 | H108: =G108-D108 -> 384833.29 | I108: 2648532 | J108: =(G108/I108)*100 -> 50.51339
C109: 2024 | D109: 622461 | E109: 1 | F109: 1.6901072 | G109: =PRODUCT(D109,F109) -> 1052025.8 | H109: =G109-D109 -> 429564.81 | I109: 2323340 | J109: =(G109/I109)*100 -> 45.280751
C110: 2025 | D110: 248722 | E110: 0 | F110: 3.0331946 | G110: =PRODUCT(D110,F110) -> 754422.22 | H110: =G110-D110 -> 505700.22 | I110: 2167733 | J110: =(G110/I110)*100 -> 34.802359
F111: Total | G111: =SUM(G101:G110) -> 14177264 | H111: =SUM(H101:H110) -> 2045570.6 | I111: =SUM(I101:I110) -> 24483297 | J111: =(G111/I111)*100 -> 57.90586

Sheet rate adequacy verdict
B8: Accident Year | C8: Earned Premiums | D8: Indicative Loss Ratio(Percentage) | E8: Target Loss Ratio%(Average ) | F8: Difference(Points) | G8: Rate Adequacy Verdict
B9: 2016 | C9: 27962781 | D9: 60.546399 | E9: 60.28 | F9: =D9-E9 -> 0.26639916 | G9: Roughly Adequate
B10: 2017 | C10: 29548681 | D10: 65.664303 | E10: 60.28 | F10: =D10-E10 -> 5.3843033 | G10: Undercharged
B11: 2018 | C11: 32980754 | D11: 61.955471 | E11: 60.28 | F11: =D11-E11 -> 1.6754712 | G11: Roughly Adequate
B12: 2019 | C12: 33877643 | D12: 61.308372 | E12: 60.28 | F12: =D12-E12 -> 1.0283716 | G12: Roughly Adequate
B13: 2020 | C13: 33865530 | D13: 55.62003 | E13: 60.28 | F13: =D13-E13 -> -4.6599703 | G13: Roughly Adequate
B14: 2021 | C14: 34694312 | D14: 62.529121 | E14: 60.28 | F14: =D14-E14 -> 2.2491206 | G14: Roughly Adequate
B15: 2022 | C15: 39110525 | D15: 65.519341 | E15: 60.28 | F15: =D15-E15 -> 5.2393408 | G15: Undercharged
B16: 2023 | C16: 40164363 | D16: 67.133004 | E16: 60.28 | F16: =D16-E16 -> 6.8530039 | G16: Undercharged
B17: 2024 | C17: 39257768 | D17: 55.138602 | E17: 60.28 | F17: =D17-E17 -> -5.1413976 | G17: Overcharged
B18: 2025 | C18: 38003928 | D18: 48.339091 | E18: 60.28 | F18: =D18-E18 -> -11.940909 | G18: Overcharged
B28: Accident Year | C28: Earned Premiums | D28: Indicative Loss Ratio(Percentage) | E28: Target Loss Ratio%(Average ) | F28: Difference(Points) | G28: Rate Adequacy Verdict
B29: 2016 | C29: 6199941 | D29: 53.570736 | E29: 59.62 | F29: =D29-E29 -> -6.0492644 | G29: Overcharged
B30: 2017 | C30: 6345477 | D30: 60.246571 | E30: 59.62 | F30: =D30-E30 -> 0.62657148 | G30: Roughly Adequate
B31: 2018 | C31: 6654376 | D31: 56.058387 | E31: 59.62 | F31: =D31-E31 -> -3.5616132 | G31: Roughly Adequate
B32: 2019 | C32: 6874401 | D32: 56.473049 | E32: 59.62 | F32: =D32-E32 -> -3.1469513 | G32: Roughly Adequate
B33: 2020 | C33: 7099380 | D33: 63.229097 | E33: 59.62 | F33: =D33-E33 -> 3.6090971 | G33: Roughly Adequate
B34: 2021 | C34: 7701233 | D34: 71.454147 | E34: 59.62 | F34: =D34-E34 -> 11.834147 | G34: Undercharged
B35: 2022 | C35: 8512807 | D35: 66.598462 | E35: 59.62 | F35: =D35-E35 -> 6.9784624 | G35: Undercharged
B36: 2023 | C36: 9279834 | D36: 72.291418 | E36: 59.62 | F36: =D36-E36 -> 12.671418 | G36: Undercharged
B37: 2024 | C37: 10193824 | D37: 51.031548 | E37: 59.62 | F37: =D37-E37 -> -8.5884518 | G37: Overcharged
B38: 2025 | C38: 10452012 | D38: 47.409234 | E38: 59.62 | F38: =D38-E38 -> -12.210766 | G38: Overcharged
B46: Accident Year | C46: Earned Premiums | D46: Indicative Loss Ratio(Percentage) | E46: Target Loss Ratio%(Average ) | F46: Difference(Points) | G46: Rate Adequacy Verdict
B47: 2016 | C47: 6267801 | D47: 75.581197 | E47: 67.386315 | F47: =D47-E47 -> 8.194882 | G47: Undercharged
B48: 2017 | C48: 6689561 | D48: 70.612956 | E48: 67.386315 | F48: =D48-E48 -> 3.2266415 | G48: Roughly Adequate
B49: 2018 | C49: 7094989 | D49: 67.0492 | E49: 67.386315 | F49: =D49-E49 -> -0.3371149 | G49: Roughly Adequate
B50: 2019 | C50: 7103034 | D50: 66.035739 | E50: 67.386315 | F50: =D50-E50 -> -1.3505761 | G50: Roughly Adequate
B51: 2020 | C51: 6954739 | D51: 53.695131 | E51: 67.386315 | F51: =D51-E51 -> -13.691184 | G51: Overcharged
B52: 2021 | C52: 7368884 | D52: 67.167972 | E52: 67.386315 | F52: =D52-E52 -> -0.21834295 | G52: Roughly Adequate
B53: 2022 | C53: 7845430 | D53: 74.808161 | E53: 67.386315 | F53: =D53-E53 -> 7.4218463 | G53: Undercharged
B54: 2023 | C54: 7487936 | D54: 74.473988 | E54: 67.386315 | F54: =D54-E54 -> 7.0876731 | G54: Undercharged
B55: 2024 | C55: 6887581 | D55: 66.42912 | E55: 67.386315 | F55: =D55-E55 -> -0.95719509 | G55: Roughly Adequate
B56: 2025 | C56: 6186321 | D56: 56.258053 | E56: 67.386315 | F56: =D56-E56 -> -11.128261 | G56: Overcharged
B64: Accident Year | C64: Earned Premiums | D64: Indicative Loss Ratio(Percentage) | E64: Target Loss Ratio%(Average ) | F64: Difference(Points) | G64: Rate Adequacy Verdict
B65: 2016 | C65: 1425900 | D65: 82.396662 | E65: 72.639307 | F65: =D65-E65 -> 9.7573544 | G65: Undercharged
B66: 2017 | C66: 1515575 | D66: 80.515849 | E66: 72.639307 | F66: =D66-E66 -> 7.8765419 | G66: Undercharged
B67: 2018 | C67: 1511812 | D67: 80.613182 | E67: 72.639307 | F67: =D67-E67 -> 7.9738748 | G67: Undercharged
B68: 2019 | C68: 1548861 | D68: 77.043812 | E68: 72.639307 | F68: =D68-E68 -> 4.4045048 | G68: Roughly Adequate
B69: 2020 | C69: 1506500 | D69: 60.337463 | E69: 72.639307 | F69: =D69-E69 -> -12.301844 | G69: Overcharged
B70: 2021 | C70: 1534073 | D70: 69.038168 | E70: 72.639307 | F70: =D70-E70 -> -3.6011398 | G70: Roughly Adequate
B71: 2022 | C71: 1678505 | D71: 78.885073 | E71: 72.639307 | F71: =D71-E71 -> 6.2457662 | G71: Undercharged
B72: 2023 | C72: 1803043 | D72: 74.138944 | E72: 72.639307 | F72: =D72-E72 -> 1.4996371 | G72: Roughly Adequate
B73: 2024 | C73: 1779728 | D73: 69.699137 | E73: 72.639307 | F73: =D73-E73 -> -2.9401698 | G73: Roughly Adequate
B74: 2025 | C74: 1787766 | D74: 56.627657 | E74: 72.639307 | F74: =D74-E74 -> -16.011651 | G74: Overcharged
B82: Accident Year | C82: Earned Premiums | D82: Indicative Loss Ratio(Percentage) | E82: Target Loss Ratio%(Average ) | F82: Difference(Points) | G82: Rate Adequacy Verdict
B83: 2016 | C83: 2057095 | D83: 42.879449 | E83: 44.28976 | F83: =D83-E83 -> -1.4103108 | G83: Roughly Adequate
B84: 2017 | C84: 2148397 | D84: 42.00318 | E84: 44.28976 | F84: =D84-E84 -> -2.2865798 | G84: Roughly Adequate
B85: 2018 | C85: 2057699 | D85: 47.396124 | E85: 44.28976 | F85: =D85-E85 -> 3.1063644 | G85: Roughly Adequate
B86: 2019 | C86: 2147808 | D86: 50.723432 | E86: 44.28976 | F86: =D86-E86 -> 6.4336719 | G86: Undercharged
B87: 2020 | C87: 1815054 | D87: 47.019359 | E87: 44.28976 | F87: =D87-E87 -> 2.7295995 | G87: Roughly Adequate
B88: 2021 | C88: 1630463 | D88: 49.251794 | E88: 44.28976 | F88: =D88-E88 -> 4.9620343 | G88: Roughly Adequate
B89: 2022 | C89: 1883543 | D89: 45.399849 | E89: 44.28976 | F89: =D89-E89 -> 1.1100896 | G89: Roughly Adequate
B90: 2023 | C90: 1761078 | D90: 40.141059 | E90: 44.28976 | F90: =D90-E90 -> -4.148701 | G90: Roughly Adequate
B91: 2024 | C91: 1532679 | D91: 36.525937 | E91: 44.28976 | F91: =D91-E91 -> -7.7638225 | G91: Overcharged
B92: 2025 | C92: 1341793 | D92: 38.084121 | E92: 44.28976 | F92: =D92-E92 -> -6.2056385 | G92: Overcharged
B100: Accident Year | C100: Earned Premiums | D100: Indicative Loss Ratio(Percentage) | E100: Target Loss Ratio%(Average ) | F100: Difference(Points) | G100: Rate Adequacy Verdict
B101: 2016 | C101: 2446198 | D101: 54.153098 | E101: 57.90586 | F101: =D101-E101 -> -3.7527617 | G101: Roughly Adequate
B102: 2017 | C102: 2467697 | D102: 78.262864 | E102: 57.90586 | F102: =D102-E102 -> 20.357004 | G102: Undercharged
B103: 2018 | C103: 2389467 | D103: 71.196375 | E103: 57.90586 | F103: =D103-E103 -> 13.290515 | G103: Undercharged
B104: 2019 | C104: 2426825 | D104: 63.099367 | E104: 57.90586 | F104: =D104-E104 -> 5.1935071 | G104: Roughly Adequate
B105: 2020 | C105: 2512292 | D105: 58.239478 | E105: 57.90586 | F105: =D105-E105 -> 0.33361835 | G105: Roughly Adequate
B106: 2021 | C106: 2513684 | D106: 58.128447 | E106: 57.90586 | F106: =D106-E106 -> 0.22258695 | G106: Roughly Adequate
B107: 2022 | C107: 2587529 | D107: 62.613159 | E107: 57.90586 | F107: =D107-E107 -> 4.7072989 | G107: Roughly Adequate
B108: 2023 | C108: 2648532 | D108: 50.51339 | E108: 57.90586 | F108: =D108-E108 -> -7.39247 | G108: Overcharged
B109: 2024 | C109: 2323340 | D109: 45.280751 | E109: 57.90586 | F109: =D109-E109 -> -12.625108 | G109: Overcharged
B110: 2025 | C110: 2167733 | D110: 34.802359 | E110: 57.90586 | F110: =D110-E110 -> -23.103501 | G110: Overcharged
