Workbook

Sheet loss development
B6: Combined Cumulative Net Losses Across All Business
B8: Years in which losses where incurred | C8: 0 | D8: 1 | E8: 2 | F8: 3 | G8: 4 | H8: 5 | I8: 6 | J8: 7 | K8: 8 | L8: 9
B9: 2016 | C9: 614934 | D9: 1382959 | E9: 1778178 | F9: 2117452 | G9: 2302752 | H9: 2433140 | I9: 2554231 | J9: 2642848 | K9: 2715254 | L9: 2761135
B10: 2017 | C10: 981175 | D10: 1730257 | E10: 2112888 | F10: 2401046 | G10: 2601193 | H10: 2795207 | I10: 2961170 | J10: 3063588 | K10: 3153791 | L10: 0
B11: 2018 | C11: 985541 | D11: 1840750 | E11: 2228910 | F11: 2490315 | G11: 2759183 | H11: 2937599 | I11: 3109592 | J11: 3195426 | K11: 0 | L11: 0
B12: 2019 | C12: 1201241 | D12: 1815635 | E12: 2111383 | F12: 2419389 | G12: 2638912 | H12: 2786081 | I12: 2881238 | J12: 0 | K12: 0 | L12: 0
B13: 2020 | C13: 1148786 | D13: 1735749 | E13: 1998947 | F13: 2219411 | G13: 2422855 | H13: 2555281 | I13: 0 | J13: 0 | K13: 0 | L13: 0
B14: 2021 | C14: 1223228 | D14: 2028937 | E14: 2306989 | F14: 2573309 | G14: 2780307 | H14: 0 | I14: 0 | J14: 0 | K14: 0 | L14: 0
B15: 2022 | C15: 1482407 | D15: 2384101 | E15: 2768547 | F15: 3028044 | G15: 0 | H15: 0 | I15: 0 | J15: 0 | K15: 0 | L15: 0
B16: 2023 | C16: 1543016 | D16: 2329972 | E16: 2690711 | F16: 0 | G16: 0 | H16: 0 | I16: 0 | J16: 0 | K16: 0 | L16: 0
B17: 2024 | C17: 1213230 | D17: 2216863 | E17: 0 | F17: 0 | G17: 0 | H17: 0 | I17: 0 | J17: 0 | K17: 0 | L17: 0
B18: 2025 | C18: 1045692 | D18: 0 | E18: 0 | F18: 0 | G18: 0 | H18: 0 | I18: 0 | J18: 0 | K18: 0 | L18: 0
B26: Cumulative Net losses For Homeowners and Farmowners
B28: Years in which losses where incurred | C28: 0 | D28: 1 | E28: 2 | F28: 3 | G28: 4 | H28: 5 | I28: 6 | J28: 7 | K28: 8 | L28: 9
B29: 2016 | C29: 373 | D29: 1135 | E29: 1327 | F29: 1359 | G29: 1515 | H29: 1524 | I29: 1539 | J29: 1539 | K29: 1540 | L29: 1540
B30: 2017 | C30: 205 | D30: 834 | E30: 1000 | F30: 1039 | G30: 1052 | H30: 1199 | I30: 1205 | J30: 1210 | K30: 1210 | L30: 0
B31: 2018 | C31: 680 | D31: 1329 | E31: 1471 | F31: 1506 | G31: 1514 | H31: 1525 | I31: 1529 | J31: 1527 | K31: 0 | L31: 0
B32: 2019 | C32: 2736 | D32: 5323 | E32: 5895 | F32: 6045 | G32: 6185 | H32: 6195 | I32: 6196 | J32: 0 | K32: 0 | L32: 0
B33: 2020 | C33: 8434 | D33: 14773 | E33: 16203 | F33: 16595 | G33: 16632 | H33: 16666 | I33: 0 | J33: 0 | K33: 0 | L33: 0
B34: 2021 | C34: 24006 | D34: 42654 | E34: 44895 | F34: 45396 | G34: 45701 | H34: 0 | I34: 0 | J34: 0 | K34: 0 | L34: 0
B35: 2022 | C35: 21056 | D35: 36507 | E35: 38464 | F35: 38726 | G35: 0 | H35: 0 | I35: 0 | J35: 0 | K35: 0 | L35: 0
B36: 2023 | C36: 24837 | D36: 36561 | E36: 37785 | F36: 0 | G36: 0 | H36: 0 | I36: 0 | J36: 0 | K36: 0 | L36: 0
B37: 2024 | C37: 16732 | D37: 23980 | E37: 0 | F37: 0 | G37: 0 | H37: 0 | I37: 0 | J37: 0 | K37: 0 | L37: 0
B38: 2025 | C38: 24301 | D38: 0 | E38: 0 | F38: 0 | G38: 0 | H38: 0 | I38: 0 | J38: 0 | K38: 0 | L38: 0
B44: Cumulative Net losses For PRIVATE PASSENGER AUTO LIABILITY/MEDICAL
B46: Years in which losses where incurred | C46: 0 | D46: 1 | E46: 2 | F46: 3 | G46: 4 | H46: 5 | I46: 6 | J46: 7 | K46: 8 | L46: 9
B47: 2016
B48: 2017
B49: 2018
B50: 2019
B51: 2020 | E51: Insufficient Info
B52: 2021
B53: 2022
B54: 2023
B55: 2024
B56: 2025
B62: Cumulative Net losses For COMMERCIAL AUTO/TRUCK LIABILITY/MEDICAL
B64: Years in which losses where incurred | C64: 0 | D64: 1 | E64: 2 | F64: 3 | G64: 4 | H64: 5 | I64: 6 | J64: 7 | K64: 8 | L64: 9
B65: 2016 | C65: 33814 | D65: 95496 | E65: 157208 | F65: 224071 | G65: 256326 | H65: 270358 | I65: 284227 | J65: 292383 | K65: 297471 | L65: 303406
B66: 2017 | C66: 33429 | D66: 90151 | E66: 153804 | F66: 206816 | G66: 243630 | H66: 268973 | I66: 280458 | J66: 287024 | K66: 288681 | L66: 0
B67: 2018 | C67: 32492 | D67: 89008 | E67: 142715 | F67: 186065 | G67: 228782 | H67: 259443 | I67: 277169 | J67: 282087 | K67: 0 | L67: 0
B68: 2019 | C68: 27927 | D68: 76832 | E68: 126329 | F68: 180341 | G68: 227199 | H68: 250088 | I68: 266627 | J68: 0 | K68: 0 | L68: 0
B69: 2020 | C69: 18757 | D69: 55562 | E69: 104394 | F69: 165474 | G69: 215797 | H69: 232438 | I69: 0 | J69: 0 | K69: 0 | L69: 0
B70: 2021 | C70: 23173 | D70: 80218 | E70: 155544 | F70: 230566 | G70: 280082 | H70: 0 | I70: 0 | J70: 0 | K70: 0 | L70: 0
B71: 2022 | C71: 23743 | D71: 96034 | E71: 190942 | F71: 276936 | G71: 0 | H71: 0 | I71: 0 | J71: 0 | K71: 0 | L71: 0
B72: 2023 | C72: 27629 | D72: 104013 | E72: 219976 | F72: 0 | G72: 0 | H72: 0 | I72: 0 | J72: 0 | K72: 0 | L72: 0
B73: 2024 | C73: 24063 | D73: 109673 | E73: 0 | F73: 0 | G73: 0 | H73: 0 | I73: 0 | J73: 0 | K73: 0 | L73: 0
B74: 2025 | C74: 22076 | D74: 0 | E74: 0 | F74: 0 | G74: 0 | H74: 0 | I74: 0 | J74: 0 | K74: 0 | L74: 0
B80: Cumulative Net losses For WORKERS' COMPENSATION
B82: Years in which losses where incurred | C82: 0 | D82: 1 | E82: 2 | F82: 3 | G82: 4 | H82: 5 | I82: 6 | J82: 7 | K82: 8 | L82: 9
B83: 2016 | C83: 89849 | D83: 206612 | E83: 278552 | F83: 329397 | G83: 356487 | H83: 379128 | I83: 397043 | J83: 408793 | K83: 419838 | L83: 428511
B84: 2017 | C84: 91115 | D84: 215687 | E84: 287690 | F84: 333558 | G84: 363143 | H84: 385435 | I84: 401479 | J84: 416670 | K84: 428884 | L84: 0
B85: 2018 | C85: 89428 | D85: 219921 | E85: 290046 | F85: 336992 | G85: 369412 | H85: 396098 | I85: 414563 | J85: 426186 | K85: 0 | L85: 0
B86: 2019 | C86: 91134 | D86: 198969 | E86: 263222 | F86: 311425 | G86: 341592 | H86: 368029 | I86: 384901 | J86: 0 | K86: 0 | L86: 0
B87: 2020 | C87: 57152 | D87: 130507 | E87: 173322 | F87: 205264 | G87: 227191 | H87: 243429 | I87: 0 | J87: 0 | K87: 0 | L87: 0
B88: 2021 | C88: 62466 | D88: 148585 | E88: 193762 | F88: 230638 | G88: 262659 | H88: 0 | I88: 0 | J88: 0 | K88: 0 | L88: 0
B89: 2022 | C89: 67093 | D89: 153981 | E89: 199995 | F89: 232191 | G89: 0 | H89: 0 | I89: 0 | J89: 0 | K89: 0 | L89: 0
B90: 2023 | C90: 66170 | D90: 162500 | E90: 215278 | F90: 0 | G90: 0 | H90: 0 | I90: 0 | J90: 0 | K90: 0 | L90: 0
B91: 2024 | C91: 73657 | D91: 182178 | E91: 0 | F91: 0 | G91: 0 | H91: 0 | I91: 0 | J91: 0 | K91: 0 | L91: 0
B92: 2025 | C92: 68647 | D92: 0 | E92: 0 | F92: 0 | G92: 0 | H92: 0 | I92: 0 | J92: 0 | K92: 0 | L92: 0
B98: Cumulative Net losses For COMMERCIAL MULTIPLE PERIL
B100: Years in which losses where incurred | C100: 0 | D100: 1 | E100: 2 | F100: 3 | G100: 4 | H100: 5 | I100: 6 | J100: 7 | K100: 8 | L100: 9
B101: 2016 | C101: 84893 | D101: 147826 | E101: 179304 | F101: 212466 | G101: 228641 | H101: 238684 | I101: 243929 | J101: 247960 | K101: 250694 | L101: 253197
B102: 2017 | C102: 100180 | D102: 172383 | E102: 203840 | F102: 221984 | G102: 238752 | H102: 252949 | I102: 260030 | J102: 262866 | K102: 266034 | L102: 0
B103: 2018 | C103: 88697 | D103: 151280 | E103: 170520 | F103: 186319 | G103: 200358 | H103: 212299 | I103: 218625 | J103: 221857 | K103: 0 | L103: 0
B104: 2019 | C104: 63839 | D104: 112931 | E104: 131249 | F104: 147370 | G104: 159644 | H104: 166853 | I104: 170536 | J104: 0 | K104: 0 | L104: 0
B105: 2020 | C105: 73227 | D105: 139422 | E105: 153469 | F105: 159735 | G105: 167630 | H105: 169858 | I105: 0 | J105: 0 | K105: 0 | L105: 0
B106: 2021 | C106: 76621 | D106: 144421 | E106: 164524 | F106: 183248 | G106: 192914 | H106: 0 | I106: 0 | J106: 0 | K106: 0 | L106: 0
B107: 2022 | C107: 42327 | D107: 108773 | E107: 133368 | F107: 150567 | G107: 0 | H107: 0 | I107: 0 | J107: 0 | K107: 0 | L107: 0
B108: 2023 | C108: 43161 | D108: 85880 | E108: 105726 | F108: 0 | G108: 0 | H108: 0 | I108: 0 | J108: 0 | K108: 0 | L108: 0
B109: 2024 | C109: 54484 | D109: 100165 | E109: 0 | F109: 0 | G109: 0 | H109: 0 | I109: 0 | J109: 0 | K109: 0 | L109: 0
B110: 2025 | C110: 55019 | D110: 0 | E110: 0 | F110: 0 | G110: 0 | H110: 0 | I110: 0 | J110: 0 | K110: 0 | L110: 0

Sheet year to ultimate LDF
C8: Volume weighted loss development factor | E8: Year to ultimate loss development factor
C9: f1 | D9: =SUM('loss development'!D9:D17)/SUM('loss development'!C9:C17) -> 1.6803892 | E9: 1 to ultimate | F9: =PRODUCT(D9:D17) -> 2.9335031
C10: f2 | D10: =SUM('loss development'!E9:E16)/SUM('loss development'!D9:D16) -> 1.1802288 | E10: 2 to ultimate | F10: =PRODUCT(D10:D17) -> 1.7457283
C11: f3 | D11: =SUM('loss development'!F9:F15)/SUM('loss development'!E9:E15) -> 1.1269531 | E11: 3 to ultimate | F11: =PRODUCT(D11:D17) -> 1.479144
C12: f4 | D12: =SUM('loss development'!G9:G14)/SUM('loss development'!F9:F14) -> 1.0903092 | E12: 4 to ultimate | F12: =PRODUCT(D12:D17) -> 1.3125161
C13: f5 | D13: =SUM('loss development'!H9:H13)/SUM('loss development'!G9:G13) -> 1.0614868 | E13: 5 to ultimate | F13: =PRODUCT(D13:D17) -> 1.2038017
C14: f6 | D14: =SUM('loss development'!I9:I12)/SUM('loss development'!H9:H12) -> 1.0506029 | E14: 6 to ultimate | F14: =PRODUCT(D14:D17) -> 1.1340713
C15: f7 | D15: =SUM('loss development'!J9:J11)/SUM('loss development'!I9:I11) -> 1.0321008 | E15: 7 to ultimate | F15: =PRODUCT(D15:D17) -> 1.0794481
C16: f8 | D16: =SUM('loss development'!K9:K10)/SUM('loss development'!J9:J10) -> 1.0284957 | E16: 8 to ultimate | F16: =PRODUCT(D16:D17) -> 1.0458747
C17: f9 | D17: =SUM('loss development'!L9)/SUM('loss development'!K9) -> 1.0168975 | E17: 9 to ultimate | F17: =PRODUCT(D17) -> 1.0168975
C18: f10 | D18: 1 | E18: 10 to ultimate | F18: 1
C28: Volume weighted loss development factor | E28: Year to ultimate loss development factor
C29: f1 | D29: =SUM('loss development'!D29:D37)/SUM('loss development'!C29:C37) -> 1.6464531 | E29: 1 to ultimate | F29: =PRODUCT(D29:D37) -> 1.7991902
C30: f2 | D30: =SUM('loss development'!E29:E36)/SUM('loss development'!D29:D36) -> 1.0569597 | E30: 2 to ultimate | F30: =PRODUCT(D30:D37) -> 1.0927673
C31: f3 | D31: =SUM('loss development'!F29:F35)/SUM('loss development'!E29:E35) -> 1.0129147 | E31: 3 to ultimate | F31: =PRODUCT(D31:D37) -> 1.033878
C32: f4 | D32: =SUM('loss development'!G29:G34)/SUM('loss development'!F29:F34) -> 1.0091604 | E32: 4 to ultimate | F32: =PRODUCT(D32:D37) -> 1.020696
C33: f5 | D33: =SUM('loss development'!H29:H33)/SUM('loss development'!G29:G33) -> 1.0078444 | E33: 5 to ultimate | F33: =PRODUCT(D33:D37) -> 1.0114308
C34: f6 | D34: =SUM('loss development'!I29:I32)/SUM('loss development'!H29:H32) -> 1.0024897 | E34: 6 to ultimate | F34: =PRODUCT(D34:D37) -> 1.0035585
C35: f7 | D35: =SUM('loss development'!J29:J31)/SUM('loss development'!I29:I31) -> 1.0007021 | E35: 7 to ultimate | F35: =PRODUCT(D35:D37) -> 1.0010661
C36: f8 | D36: =SUM('loss development'!K29:K30)/SUM('loss development'!J29:J30) -> 1.0003638 | E36: 8 to ultimate | F36: =PRODUCT(D36:D37) -> 1.0003638
C37: f9 | D37: =SUM('loss development'!L29)/SUM('loss development'!K29) -> 1 | E37: 9 to ultimate | F37: =PRODUCT(D37) -> 1
C38: f10 | D38: 1 | E38: 10 to ultimate | F38: 1
C46: Volume weighted loss development factor | E46: Year to ultimate loss development factor
C47: f1
C48: f2 | E48: Insufficient Info
C49: f3
C50: f4
C51: f5
C52: f6
C53: f7
C54: f8
C55: f9
C56: f10
C64: Volume weighted loss development factor | E64: Year to ultimate loss development factor
C65: f1 | D65: =SUM('loss development'!D65:D73)/SUM('loss development'!C65:C73) -> 3.2526497 | E65: 1 to ultimate | F65: =PRODUCT(D65:D73) -> 12.533637
C66: f2 | D66: =SUM('loss development'!E65:E72)/SUM('loss development'!D65:D72) -> 1.8200008 | E66: 2 to ultimate | F66: =PRODUCT(D66:D73) -> 3.853362
C67: f3 | D67: =SUM('loss development'!F65:F71)/SUM('loss development'!E65:E71) -> 1.4261496 | E67: 3 to ultimate | F67: =PRODUCT(D67:D73) -> 2.117231
C68: f4 | D68: =SUM('loss development'!G65:G70)/SUM('loss development'!F65:F70) -> 1.2166059 | E68: 4 to ultimate | F68: =PRODUCT(D68:D73) -> 1.4845784
C69: f5 | D69: =SUM('loss development'!H65:H69)/SUM('loss development'!G65:G69) -> 1.0935076 | E69: 5 to ultimate | F69: =PRODUCT(D69:D73) -> 1.2202624
C70: f6 | D70: =SUM('loss development'!I65:I68)/SUM('loss development'!H65:H68) -> 1.0568416 | E70: 6 to ultimate | F70: =PRODUCT(D70:D73) -> 1.1159158
C71: f7 | D71: =SUM('loss development'!J65:J67)/SUM('loss development'!I65:I67) -> 1.0233295 | E71: 7 to ultimate | F71: =PRODUCT(D71:D73) -> 1.0558969
C72: f8 | D72: =SUM('loss development'!K65:K66)/SUM('loss development'!J65:J66) -> 1.0116412 | E72: 8 to ultimate | F72: =PRODUCT(D72:D73) -> 1.031825
C73: f9 | D73: =SUM('loss development'!L65)/SUM('loss development'!K65) -> 1.0199515 | E73: 9 to ultimate | F73: =PRODUCT(D73) -> 1.0199515
C74: f10 | D74: 1 | E74: 10 to ultimate | F74: 1
C82: Volume weighted loss development factor | E82: Year to ultimate loss development factor
C83: f1 | D83: =SUM('loss development'!D83:D91)/SUM('loss development'!C83:C91) -> 2.3528916 | E83: 1 to ultimate | F83: =PRODUCT(D83:D91) -> 4.8610783
C84: f2 | D84: =SUM('loss development'!E83:E90)/SUM('loss development'!D83:D90) -> 1.3237175 | E84: 2 to ultimate | F84: =PRODUCT(D84:D91) -> 2.0660018
C85: f3 | D85: =SUM('loss development'!F83:F89)/SUM('loss development'!E83:E89) -> 1.1736499 | E85: 3 to ultimate | F85: =PRODUCT(D85:D91) -> 1.5607573
C86: f4 | D86: =SUM('loss development'!G83:G88)/SUM('loss development'!F83:F88) -> 1.0991316 | E86: 4 to ultimate | F86: =PRODUCT(D86:D91) -> 1.3298321
C87: f5 | D87: =SUM('loss development'!H83:H87)/SUM('loss development'!G83:G87) -> 1.0689421 | E87: 5 to ultimate | F87: =PRODUCT(D87:D91) -> 1.2098935
C88: f6 | D88: =SUM('loss development'!I83:I86)/SUM('loss development'!H83:H86) -> 1.0453303 | E88: 6 to ultimate | F88: =PRODUCT(D88:D91) -> 1.1318606
C89: f7 | D89: =SUM('loss development'!J83:J85)/SUM('loss development'!I83:I85) -> 1.03179 | E89: 7 to ultimate | F89: =PRODUCT(D89:D91) -> 1.0827779
C90: f8 | D90: =SUM('loss development'!K83:K84)/SUM('loss development'!J83:J84) -> 1.0281769 | E90: 8 to ultimate | F90: =PRODUCT(D90:D91) -> 1.049417
C91: f9 | D91: =SUM('loss development'!L83)/SUM('loss development'!K83) -> 1.020658 | E91: 9 to ultimate | F91: =PRODUCT(D91) -> 1.020658
C92: f10 | D92: 1 | E92: 10 to ultimate | F92: 1
C100: Volume weighted loss development factor | E100: Year to ultimate loss development factor
C101: f1 | D101: =SUM('loss development'!D101:D109)/SUM('loss development'!C101:C109) -> 1.8537253 | E101: 1 to ultimate | F101: =PRODUCT(D101:D109) -> 2.8573781
C102: f2 | D102: =SUM('loss development'!E101:E108)/SUM('loss development'!D101:D108) -> 1.1684837 | E102: 2 to ultimate | F102: =PRODUCT(D102:D109) -> 1.5414248
C103: f3 | D103: =SUM('loss development'!F101:F107)/SUM('loss development'!E101:E107) -> 1.1103739 | E103: 3 to ultimate | F103: =PRODUCT(D103:D109) -> 1.3191667
C104: f4 | D104: =SUM('loss development'!G101:G106)/SUM('loss development'!F101:F106) -> 1.0691346 | E104: 4 to ultimate | F104: =PRODUCT(D104:D109) -> 1.1880383
C105: f5 | D105: =SUM('loss development'!H101:H105)/SUM('loss development'!G101:G105) -> 1.0458461 | E105: 5 to ultimate | F105: =PRODUCT(D105:D109) -> 1.1112149
C106: f6 | D106: =SUM('loss development'!I101:I104)/SUM('loss development'!H101:H104) -> 1.0256493 | E106: 6 to ultimate | F106: =PRODUCT(D106:D109) -> 1.0625032
C107: f7 | D107: =SUM('loss development'!J101:J103)/SUM('loss development'!I101:I103) -> 1.0139762 | E107: 7 to ultimate | F107: =PRODUCT(D107:D109) -> 1.0359323
C108: f8 | D108: =SUM('loss development'!K101:K102)/SUM('loss development'!J101:J102) -> 1.0115538 | E108: 8 to ultimate | F108: =PRODUCT(D108:D109) -> 1.0216535
C109: f9 | D109: =SUM('loss development'!L101)/SUM('loss development'!K101) -> 1.0099843 | E109: 9 to ultimate | F109: =PRODUCT(D109) -> 1.0099843
C110: f10 | D110: 1 | E110: 10 to ultimate | F110: 1

Sheet loss reserve and loss ratio
C8: Accident Year | D8: Cumulative paid loss to date | E8: Age at latest evaluation | F8: Ultimate Loss development Factor | G8: Expected Loss(Chain Ladder Method) | H8: Loss Reserves(Chain Ladder Method) | I8: Earned Premiums | J8: Expected Loss Ratio
C9: 2016 | D9: ='loss development'!L9 -> 2761135 | E9: 9 | F9: 1 | G9: =PRODUCT(D9,F9) -> 2761135 | H9: =G9-D9 -> 0 | I9: 4436680 | J9: =(G9/I9)*100 -> 62.234261
C10: 2017 | D10: ='loss development'!K10 -> 3153791 | E10: 8 | F10: ='year to ultimate LDF'!F17 -> 1.0168975 | G10: =PRODUCT(D10,F10) -> 3207082.2 | H10: =G10-D10 -> 53291.178 | I10: 4622303 | J10: =(G10/I10)*100 -> 69.382777
C11: 2018 | D11: ='loss development'!J11 -> 3195426 | E11: 7 | F11: ='year to ultimate LDF'!F16 -> 1.0458747 | G11: =PRODUCT(D11,F11) -> 3342015.3 | H11: =G11-D11 -> 146589.29 | I11: 4399180 | J11: =(G11/I11)*100 -> 75.969051
C12: 2019 | D12: ='loss development'!I12 -> 2881238 | E12: 6 | F12: ='year to ultimate LDF'!F15 -> 1.0794481 | G12: =PRODUCT(D12,F12) -> 3110146.9 | H12: =G12-D12 -> 228908.94 | I12: 3658064 | J12: =(G12/I12)*100 -> 85.021665
C13: 2020 | D13: ='loss development'!H13 -> 2555281 | E13: 5 | F13: ='year to ultimate LDF'!F14 -> 1.1340713 | G13: =PRODUCT(D13,F13) -> 2897870.8 | H13: =G13-D13 -> 342589.82 | I13: 4205829 | J13: =(G13/I13)*100 -> 68.901299
C14: 2021 | D14: ='loss development'!G14 -> 2780307 | E14: 4 | F14: ='year to ultimate LDF'!F13 -> 1.2038017 | G14: =PRODUCT(D14,F14) -> 3346938.3 | H14: =G14-D14 -> 566631.29 | I14: 4742233 | J14: =(G14/I14)*100 -> 70.577264
C15: 2022 | D15: ='loss development'!F15 -> 3028044 | E15: 3 | F15: ='year to ultimate LDF'!F12 -> 1.3125161 | G15: =PRODUCT(D15,F15) -> 3974356.4 | H15: =G15-D15 -> 946312.38 | I15: 5469876 | J15: =(G15/I15)*100 -> 72.658985
C16: 2023 | D16: ='loss development'!E16 -> 2690711 | E16: 2 | F16: ='year to ultimate LDF'!F11 -> 1.479144 | G16: =PRODUCT(D16,F16) -> 3979949.1 | H16: =G16-D16 -> 1289238.1 | I16: 5568740 | J16: =(G16/I16)*100 -> 71.469473
C17: 2024 | D17: ='loss development'!D17 -> 2216863 | E17: 1 | F17: ='year to ultimate LDF'!F10 -> 1.7457283 | G17: =PRODUCT(D17,F17) -> 3870040.5 | H17: =G17-D17 -> 1653177.5 | I17: 5685275 | J17: =(G17/I17)*100 -> 68.071299
C18: 2025 | D18: ='loss development'!C18 -> 1045692 | E18: 0 | F18: ='year to ultimate LDF'!F9 -> 2.9335031 | G18: =PRODUCT(D18,F18) -> 3067540.7 | H18: =G18-D18 -> 2021848.7 | I18: 5947513 | J18: =(G18/I18)*100 -> 51.576864
F19: Total | G19: =SUM(G9:G18) -> 33557075 | H19: =SUM(H9:H18) -> 7248587.3 | I19: =SUM(I9:I18) -> 48735693 | J19: =(G19/I19)*100 -> 68.855234
C28: Accident Year | D28: Cumulative paid loss to date | E28: Age at latest evaluation | F28: Ultimate Loss development Factor | G28: Expected Loss(Chain Ladder Method) | H28: Loss Reserves(Chain Ladder Method) | I28: Earned Premiums | J28: Expected Loss Ratio
C29: 2016 | D29: ='loss development'!L29 -> 1540 | E29: 9 | F29: 1 | G29: =PRODUCT(D29,F29) -> 1540 | H29: =G29-D29 -> 0 | I29: 2294 | J29: =(G29/I29)*100 -> 67.131648
C30: 2017 | D30: ='loss development'!K30 -> 1210 | E30: 8 | F30: ='year to ultimate LDF'!F37 -> 1 | G30: =PRODUCT(D30,F30) -> 1210 | H30: =G30-D30 -> 0 | I30: 2313 | J30: =(G30/I30)*100 -> 52.313013
C31: 2018 | D31: ='loss development'!J31 -> 1527 | E31: 7 | F31: ='year to ultimate LDF'!F36 -> 1.0003638 | G31: =PRODUCT(D31,F31) -> 1527.5555 | H31: =G31-D31 -> 0.55547472 | I31: 2178 | J31: =(G31/I31)*100 -> 70.135697
C32: 2019 | D32: ='loss development'!I32 -> 6196 | E32: 6 | F32: ='year to ultimate LDF'!F35 -> 1.0010661 | G32: =PRODUCT(D32,F32) -> 6202.6056 | H32: =G32-D32 -> 6.6055983 | I32: 9273 | J32: =(G32/I32)*100 -> 66.888877
C33: 2020 | D33: ='loss development'!H33 -> 16666 | E33: 5 | F33: ='year to ultimate LDF'!F34 -> 1.0035585 | G33: =PRODUCT(D33,F33) -> 16725.305 | H33: =G33-D33 -> 59.305414 | I33: 29472 | J33: =(G33/I33)*100 -> 56.749815
C34: 2021 | D34: ='loss development'!G34 -> 45701 | E34: 4 | F34: ='year to ultimate LDF'!F33 -> 1.0114308 | G34: =PRODUCT(D34,F34) -> 46223.4 | H34: =G34-D34 -> 522.4004 | I34: 52476 | J34: =(G34/I34)*100 -> 88.08484
C35: 2022 | D35: ='loss development'!F35 -> 38726 | E35: 3 | F35: ='year to ultimate LDF'!F32 -> 1.020696 | G35: =PRODUCT(D35,F35) -> 39527.471 | H35: =G35-D35 -> 801.47149 | I35: 62905 | J35: =(G35/I35)*100 -> 62.836772
C36: 2023 | D36: ='loss development'!E36 -> 37785 | E36: 2 | F36: ='year to ultimate LDF'!F31 -> 1.033878 | G36: =PRODUCT(D36,F36) -> 39065.079 | H36: =G36-D36 -> 1280.0794 | I36: 65844 | J36: =(G36/I36)*100 -> 59.329748
C37: 2024 | D37: ='loss development'!D37 -> 23980 | E37: 1 | F37: ='year to ultimate LDF'!F30 -> 1.0927673 | G37: =PRODUCT(D37,F37) -> 26204.56 | H37: =G37-D37 -> 2224.5602 | I37: 66948 | J37: =(G37/I37)*100 -> 39.141662
C38: 2025 | D38: ='loss development'!C38 -> 24301 | E38: 0 | F38: ='year to ultimate LDF'!F29 -> 1.7991902 | G38: =PRODUCT(D38,F38) -> 43722.12 | H38: =G38-D38 -> 19421.12 | I38: 62106 | J38: =(G38/I38)*100 -> 70.399189
F39: Total | G39: =SUM(G29:G38) -> 221948.1 | H39: =SUM(H29:H38) -> 24316.098 | I39: =SUM(I29:I38) -> 355809 | J39: =(G39/I39)*100 -> 62.378438
C46: Accident Year | D46: Cumulative paid loss to date | E46: Age at latest evaluation | F46: Ultimate Loss development Factor | G46: Expected Loss(Chain Ladder Method) | H46: Loss Reserves(Chain Ladder Method) | I46: Earned Premiums | J46: Expected Loss Ratio
C47: 2016
C48: 2017
C49: 2018
C50: 2019 | E50: Insufficient Info
C51: 2020
C52: 2021
C53: 2022
C54: 2023
C55: 2024
C56: 2025
C64: Accident Year | D64: Cumulative paid loss to date | E64: Age at latest evaluation | F64: Ultimate Loss development Factor | G64: Expected Loss(Chain Ladder Method) | H64: Loss Reserves(Chain Ladder Method) | I64: Earned Premiums | J64: Expected Loss Ratio
C65: 2016 | D65: ='loss development'!L65 -> 303406 | E65: 9 | F65: 1 | G65: =PRODUCT(D65,F65) -> 303406 | H65: =G65-D65 -> 0 | I65: 377433 | J65: =(G65/I65)*100 -> 80.386718
C66: 2017 | D66: ='loss development'!K66 -> 288681 | E66: 8 | F66: ='year to ultimate LDF'!F73 -> 1.0199515 | G66: =PRODUCT(D66,F66) -> 294440.63 | H66: =G66-D66 -> 5759.6261 | I66: 351006 | J66: =(G66/I66)*100 -> 83.884784
C67: 2018 | D67: ='loss development'!J67 -> 282087 | E67: 7 | F67: ='year to ultimate LDF'!F72 -> 1.031825 | G67: =PRODUCT(D67,F67) -> 291064.42 | H67: =G67-D67 -> 8977.418 | I67: 331597 | J67: =(G67/I67)*100 -> 87.776553
C68: 2019 | D68: ='loss development'!I68 -> 266627 | E68: 6 | F68: ='year to ultimate LDF'!F71 -> 1.0558969 | G68: =PRODUCT(D68,F68) -> 281530.63 | H68: =G68-D68 -> 14903.628 | I68: 318366 | J68: =(G68/I68)*100 -> 88.429866
C69: 2020 | D69: ='loss development'!H69 -> 232438 | E69: 5 | F69: ='year to ultimate LDF'!F70 -> 1.1159158 | G69: =PRODUCT(D69,F69) -> 259381.24 | H69: =G69-D69 -> 26943.235 | I69: 347014 | J69: =(G69/I69)*100 -> 74.74662
C70: 2021 | D70: ='loss development'!G70 -> 280082 | E70: 4 | F70: ='year to ultimate LDF'!F69 -> 1.2202624 | G70: =PRODUCT(D70,F70) -> 341773.52 | H70: =G70-D70 -> 61691.525 | I70: 377415 | J70: =(G70/I70)*100 -> 90.556423
C71: 2022 | D71: ='loss development'!F71 -> 276936 | E71: 3 | F71: ='year to ultimate LDF'!F68 -> 1.4845784 | G71: =PRODUCT(D71,F71) -> 411133.21 | H71: =G71-D71 -> 134197.21 | I71: 409229 | J71: =(G71/I71)*100 -> 100.46532
C72: 2023 | D72: ='loss development'!E72 -> 219976 | E72: 2 | F72: ='year to ultimate LDF'!F67 -> 2.117231 | G72: =PRODUCT(D72,F72) -> 465740 | H72: =G72-D72 -> 245764 | I72: 436803 | J72: =(G72/I72)*100 -> 106.62473
C73: 2024 | D73: ='loss development'!D73 -> 109673 | E73: 1 | F73: ='year to ultimate LDF'!F66 -> 3.853362 | G73: =PRODUCT(D73,F73) -> 422609.77 | H73: =G73-D73 -> 312936.77 | I73: 479270 | J73: =(G73/I73)*100 -> 88.177806
C74: 2025 | D74: ='loss development'!C74 -> 22076 | E74: 0 | F74: ='year to ultimate LDF'!F65 -> 12.533637 | G74: =PRODUCT(D74,F74) -> 276692.57 | H74: =G74-D74 -> 254616.57 | I74: 467554 | J74: =(G74/I74)*100 -> 59.17874
F75: Total | G75: =SUM(G65:G74) -> 3347772 | H75: =SUM(H65:H74) -> 1065790 | I75: =SUM(I65:I74) -> 3895687 | J75: =(G75/I75)*100 -> 85.935343
C82: Accident Year | D82: Cumulative paid loss to date | E82: Age at latest evaluation | F82: Ultimate Loss development Factor | G82: Expected Loss(Chain Ladder Method) | H82: Loss Reserves(Chain Ladder Method) | I82: Earned Premiums | J82: Expected Loss Ratio
C83: 2016 | D83: ='loss development'!L83 -> 428511 | E83: 9 | F83: 1 | G83: =PRODUCT(D83,F83) -> 428511 | H83: =G83-D83 -> 0 | I83: 1001313 | J83: =(G83/I83)*100 -> 42.79491
C84: 2017 | D84: ='loss development'!K84 -> 428884 | E84: 8 | F84: ='year to ultimate LDF'!F91 -> 1.020658 | G84: =PRODUCT(D84,F84) -> 437743.87 | H84: =G84-D84 -> 8859.872 | I84: 979273 | J84: =(G84/I84)*100 -> 44.700903
C85: 2018 | D85: ='loss development'!J85 -> 426186 | E85: 7 | F85: ='year to ultimate LDF'!F90 -> 1.049417 | G85: =PRODUCT(D85,F85) -> 447246.82 | H85: =G85-D85 -> 21060.816 | I85: 914331 | J85: =(G85/I85)*100 -> 48.915198
C86: 2019 | D86: ='loss development'!I86 -> 384901 | E86: 6 | F86: ='year to ultimate LDF'!F89 -> 1.0827779 | G86: =PRODUCT(D86,F86) -> 416762.32 | H86: =G86-D86 -> 31861.315 | I86: 843904 | J86: =(G86/I86)*100 -> 49.385039
C87: 2020 | D87: ='loss development'!H87 -> 243429 | E87: 5 | F87: ='year to ultimate LDF'!F88 -> 1.1318606 | G87: =PRODUCT(D87,F87) -> 275527.7 | H87: =G87-D87 -> 32098.698 | I87: 733892 | J87: =(G87/I87)*100 -> 37.543358
C88: 2021 | D88: ='loss development'!G88 -> 262659 | E88: 4 | F88: ='year to ultimate LDF'!F87 -> 1.2098935 | G88: =PRODUCT(D88,F88) -> 317789.42 | H88: =G88-D88 -> 55130.418 | I88: 649529 | J88: =(G88/I88)*100 -> 48.926132
C89: 2022 | D89: ='loss development'!F89 -> 232191 | E89: 3 | F89: ='year to ultimate LDF'!F86 -> 1.3298321 | G89: =PRODUCT(D89,F89) -> 308775.05 | H89: =G89-D89 -> 76584.054 | I89: 719032 | J89: =(G89/I89)*100 -> 42.943159
C90: 2023 | D90: ='loss development'!E90 -> 215278 | E90: 2 | F90: ='year to ultimate LDF'!F85 -> 1.5607573 | G90: =PRODUCT(D90,F90) -> 335996.72 | H90: =G90-D90 -> 120718.72 | I90: 780245 | J90: =(G90/I90)*100 -> 43.062976
C91: 2024 | D91: ='loss development'!D91 -> 182178 | E91: 1 | F91: ='year to ultimate LDF'!F84 -> 2.0660018 | G91: =PRODUCT(D91,F91) -> 376380.08 | H91: =G91-D91 -> 194202.08 | I91: 759921 | J91: =(G91/I91)*100 -> 49.528843
C92: 2025 | D92: ='loss development'!C92 -> 68647 | E92: 0 | F92: ='year to ultimate LDF'!F83 -> 4.8610783 | G92: =PRODUCT(D92,F92) -> 333698.44 | H92: =G92-D92 -> 265051.44 | I92: 732259 | J92: =(G92/I92)*100 -> 45.571095
F93: Total | G93: =SUM(G83:G92) -> 3678431.4 | H93: =SUM(H83:H92) -> 805567.41 | I93: =SUM(I83:I92) -> 8113699 | J93: =(G93/I93)*100 -> 45.33606
C100: Accident Year | D100: Cumulative paid loss to date | E100: Age at latest evaluation | F100: Ultimate Loss development Factor | G100: Expected Loss(Chain Ladder Method) | H100: Loss Reserves(Chain Ladder Method) | I100: Earned Premiums | J100: Expected Loss Ratio
C101: 2016 | D101: ='loss development'!L101 -> 253197 | E101: 9 | F101: 1 | G101: =PRODUCT(D101,F101) -> 253197 | H101: =G101-D101 -> 0 | I101: 300738 | J101: =(G101/I101)*100 -> 84.191888
C102: 2017 | D102: ='loss development'!K102 -> 266034 | E102: 8 | F102: ='year to ultimate LDF'!F109 -> 1.0099843 | G102: =PRODUCT(D102,F102) -> 268690.16 | H102: =G102-D102 -> 2656.1589 | I102: 266435 | J102: =(G102/I102)*100 -> 100.84642
C103: 2018 | D103: ='loss development'!J103 -> 221857 | E103: 7 | F103: ='year to ultimate LDF'!F108 -> 1.0216535 | G103: =PRODUCT(D103,F103) -> 226660.98 | H103: =G103-D103 -> 4803.9754 | I103: 253902 | J103: =(G103/I103)*100 -> 89.271048
C104: 2019 | D104: ='loss development'!I104 -> 170536 | E104: 6 | F104: ='year to ultimate LDF'!F107 -> 1.0359323 | G104: =PRODUCT(D104,F104) -> 176663.76 | H104: =G104-D104 -> 6127.7576 | I104: 200455 | J104: =(G104/I104)*100 -> 88.13138
C105: 2020 | D105: ='loss development'!H105 -> 169858 | E105: 5 | F105: ='year to ultimate LDF'!F106 -> 1.0625032 | G105: =PRODUCT(D105,F105) -> 180474.68 | H105: =G105-D105 -> 10616.677 | I105: 252714 | J105: =(G105/I105)*100 -> 71.414594
C106: 2021 | D106: ='loss development'!G106 -> 192914 | E106: 4 | F106: ='year to ultimate LDF'!F105 -> 1.1112149 | G106: =PRODUCT(D106,F106) -> 214368.9 | H106: =G106-D106 -> 21454.904 | I106: 271520 | J106: =(G106/I106)*100 -> 78.951423
C107: 2022 | D107: ='loss development'!F107 -> 150567 | E107: 3 | F107: ='year to ultimate LDF'!F104 -> 1.1880383 | G107: =PRODUCT(D107,F107) -> 178879.36 | H107: =G107-D107 -> 28312.36 | I107: 253449 | J107: =(G107/I107)*100 -> 70.578049
C108: 2023 | D108: ='loss development'!E108 -> 105726 | E108: 2 | F108: ='year to ultimate LDF'!F103 -> 1.3191667 | G108: =PRODUCT(D108,F108) -> 139470.22 | H108: =G108-D108 -> 33744.219 | I108: 273546 | J108: =(G108/I108)*100 -> 50.98602
C109: 2024 | D109: ='loss development'!D109 -> 100165 | E109: 1 | F109: ='year to ultimate LDF'!F102 -> 1.5414248 | G109: =PRODUCT(D109,F109) -> 154396.81 | H109: =G109-D109 -> 54231.812 | I109: 285029 | J109: =(G109/I109)*100 -> 54.168808
C110: 2025 | D110: ='loss development'!C110 -> 55019 | E110: 0 | F110: ='year to ultimate LDF'!F101 -> 2.8573781 | G110: =PRODUCT(D110,F110) -> 157210.08 | H110: =G110-D110 -> 102191.08 | I110: 298064 | J110: =(G110/I110)*100 -> 52.743734
F111: Total | G111: =SUM(G101:G110) -> 1950011.9 | H111: =SUM(H101:H110) -> 264138.95 | I111: =SUM(I101:I110) -> 2655852 | J111: =(G111/I111)*100 -> 73.423216

Sheet rate adequacy verdict
B8: Accident Year | C8: Earned Premiums | D8: Indicative Loss Ratio(Percentage) | E8: Target Loss Ratio%(Average ) | F8: Difference(Points) | G8: Rate Adequacy Verdict
B9: 2016 | C9: 4436680 | D9: ='loss reserve and loss ratio'!J9 -> 62.234261 | E9: 68.855234 | F9: =D9-E9 -> -6.6209729 | G9: Overcharged
B10: 2017 | C10: 4622303 | D10: ='loss reserve and loss ratio'!J10 -> 69.382777 | E10: 68.855234 | F10: =D10-E10 -> 0.52754325 | G10: Roughly Adequate
B11: 2018 | C11: 4399180 | D11: ='loss reserve and loss ratio'!J11 -> 75.969051 | E11: 68.855234 | F11: =D11-E11 -> 7.1138171 | G11: Undercharged
B12: 2019 | C12: 3658064 | D12: ='loss reserve and loss ratio'!J12 -> 85.021665 | E12: 68.855234 | F12: =D12-E12 -> 16.166432 | G12: Undercharged
B13: 2020 | C13: 4205829 | D13: ='loss reserve and loss ratio'!J13 -> 68.901299 | E13: 68.855234 | F13: =D13-E13 -> 0.046065558 | G13: Roughly Adequate
B14: 2021 | C14: 4742233 | D14: ='loss reserve and loss ratio'!J14 -> 70.577264 | E14: 68.855234 | F14: =D14-E14 -> 1.7220301 | G14: Roughly Adequate
B15: 2022 | C15: 5469876 | D15: ='loss reserve and loss ratio'!J15 -> 72.658985 | E15: 68.855234 | F15: =D15-E15 -> 3.8037513 | G15: Roughly Adequate
B16: 2023 | C16: 5568740 | D16: ='loss reserve and loss ratio'!J16 -> 71.469473 | E16: 68.855234 | F16: =D16-E16 -> 2.6142393 | G16: Roughly Adequate
B17: 2024 | C17: 5685275 | D17: ='loss reserve and loss ratio'!J17 -> 68.071299 | E17: 68.855234 | F17: =D17-E17 -> -0.78393471 | G17: Roughly Adequate
B18: 2025 | C18: 5947513 | D18: ='loss reserve and loss ratio'!J18 -> 51.576864 | E18: 68.855234 | F18: =D18-E18 -> -17.278369 | G18: Overcharged
B28: Accident Year | C28: Earned Premiums | D28: Indicative Loss Ratio(Percentage) | E28: Target Loss Ratio%(Average ) | F28: Difference(Points) | G28: Rate Adequacy Verdict
B29: 2016 | C29: 2294 | D29: ='loss reserve and loss ratio'!J29 -> 67.131648 | E29: 62.378438 | F29: =D29-E29 -> 4.7532093 | G29: Roughly Adequate
B30: 2017 | C30: 2313 | D30: ='loss reserve and loss ratio'!J30 -> 52.313013 | E30: 62.378438 | F30: =D30-E30 -> -10.065425 | G30: Overcharged
B31: 2018 | C31: 2178 | D31: ='loss reserve and loss ratio'!J31 -> 70.135697 | E31: 62.378438 | F31: =D31-E31 -> 7.7572583 | G31: Undercharged
B32: 2019 | C32: 9273 | D32: ='loss reserve and loss ratio'!J32 -> 66.888877 | E32: 62.378438 | F32: =D32-E32 -> 4.5104389 | G32: Roughly Adequate
B33: 2020 | C33: 29472 | D33: ='loss reserve and loss ratio'!J33 -> 56.749815 | E33: 62.378438 | F33: =D33-E33 -> -5.6286236 | G33: Overcharged
B34: 2021 | C34: 52476 | D34: ='loss reserve and loss ratio'!J34 -> 88.08484 | E34: 62.378438 | F34: =D34-E34 -> 25.706401 | G34: Undercharged
B35: 2022 | C35: 62905 | D35: ='loss reserve and loss ratio'!J35 -> 62.836772 | E35: 62.378438 | F35: =D35-E35 -> 0.45833367 | G35: Roughly Adequate
B36: 2023 | C36: 65844 | D36: ='loss reserve and loss ratio'!J36 -> 59.329748 | E36: 62.378438 | F36: =D36-E36 -> -3.0486903 | G36: Roughly Adequate
B37: 2024 | C37: 66948 | D37: ='loss reserve and loss ratio'!J37 -> 39.141662 | E37: 62.378438 | F37: =D37-E37 -> -23.236776 | G37: Overcharged
B38: 2025 | C38: 62106 | D38: ='loss reserve and loss ratio'!J38 -> 70.399189 | E38: 62.378438 | F38: =D38-E38 -> 8.0207501 | G38: Undercharged
B46: Accident Year | C46: Earned Premiums | D46: Indicative Loss Ratio(Percentage) | E46: Target Loss Ratio%(Average ) | F46: Difference(Points) | G46: Rate Adequacy Verdict
B47: 2016
B48: 2017
B49: 2018
B50: 2019 | D50: Insufficient Info
B51: 2020
B52: 2021
B53: 2022
B54: 2023
B55: 2024
B56: 2025
B64: Accident Year | C64: Earned Premiums | D64: Indicative Loss Ratio(Percentage) | E64: Target Loss Ratio%(Average ) | F64: Difference(Points) | G64: Rate Adequacy Verdict
B65: 2016 | C65: 377433 | D65: ='loss reserve and loss ratio'!J65 -> 80.386718 | E65: 85.935343 | F65: =D65-E65 -> -5.5486253 | G65: Overcharged
B66: 2017 | C66: 351006 | D66: ='loss reserve and loss ratio'!J66 -> 83.884784 | E66: 85.935343 | F66: =D66-E66 -> -2.0505586 | G66: Roughly Adequate
B67: 2018 | C67: 331597 | D67: ='loss reserve and loss ratio'!J67 -> 87.776553 | E67: 85.935343 | F67: =D67-E67 -> 1.8412105 | G67: Roughly Adequate
B68: 2019 | C68: 318366 | D68: ='loss reserve and loss ratio'!J68 -> 88.429866 | E68: 85.935343 | F68: =D68-E68 -> 2.4945232 | G68: Roughly Adequate
B69: 2020 | C69: 347014 | D69: ='loss reserve and loss ratio'!J69 -> 74.74662 | E69: 85.935343 | F69: =D69-E69 -> -11.188723 | G69: Overcharged
B70: 2021 | C70: 377415 | D70: ='loss reserve and loss ratio'!J70 -> 90.556423 | E70: 85.935343 | F70: =D70-E70 -> 4.6210803 | G70: Roughly Adequate
B71: 2022 | C71: 409229 | D71: ='loss reserve and loss ratio'!J71 -> 100.46532 | E71: 85.935343 | F71: =D71-E71 -> 14.529974 | G71: Undercharged
B72: 2023 | C72: 436803 | D72: ='loss reserve and loss ratio'!J72 -> 106.62473 | E72: 85.935343 | F72: =D72-E72 -> 20.689383 | G72: Undercharged
B73: 2024 | C73: 479270 | D73: ='loss reserve and loss ratio'!J73 -> 88.177806 | E73: 85.935343 | F73: =D73-E73 -> 2.242463 | G73: Roughly Adequate
B74: 2025 | C74: 467554 | D74: ='loss reserve and loss ratio'!J74 -> 59.17874 | E74: 85.935343 | F74: =D74-E74 -> -26.756603 | G74: Overcharged
B82: Accident Year | C82: Earned Premiums | D82: Indicative Loss Ratio(Percentage) | E82: Target Loss Ratio%(Average ) | F82: Difference(Points) | G82: Rate Adequacy Verdict
B83: 2016 | C83: 1001313 | D83: ='loss reserve and loss ratio'!J83 -> 42.79491 | E83: 45.33606 | F83: =D83-E83 -> -2.5411493 | G83: Roughly Adequate
B84: 2017 | C84: 979273 | D84: ='loss reserve and loss ratio'!J84 -> 44.700903 | E84: 45.33606 | F84: =D84-E84 -> -0.63515678 | G84: Roughly Adequate
B85: 2018 | C85: 914331 | D85: ='loss reserve and loss ratio'!J85 -> 48.915198 | E85: 45.33606 | F85: =D85-E85 -> 3.5791381 | G85: Roughly Adequate
B86: 2019 | C86: 843904 | D86: ='loss reserve and loss ratio'!J86 -> 49.385039 | E86: 45.33606 | F86: =D86-E86 -> 4.0489789 | G86: Roughly Adequate
B87: 2020 | C87: 733892 | D87: ='loss reserve and loss ratio'!J87 -> 37.543358 | E87: 45.33606 | F87: =D87-E87 -> -7.792702 | G87: Overcharged
B88: 2021 | C88: 649529 | D88: ='loss reserve and loss ratio'!J88 -> 48.926132 | E88: 45.33606 | F88: =D88-E88 -> 3.5900728 | G88: Roughly Adequate
B89: 2022 | C89: 719032 | D89: ='loss reserve and loss ratio'!J89 -> 42.943159 | E89: 45.33606 | F89: =D89-E89 -> -2.3929007 | G89: Roughly Adequate
B90: 2023 | C90: 780245 | D90: ='loss reserve and loss ratio'!J90 -> 43.062976 | E90: 45.33606 | F90: =D90-E90 -> -2.2730832 | G90: Roughly Adequate
B91: 2024 | C91: 759921 | D91: ='loss reserve and loss ratio'!J91 -> 49.528843 | E91: 45.33606 | F91: =D91-E91 -> 4.1927833 | G91: Roughly Adequate
B92: 2025 | C92: 732259 | D92: ='loss reserve and loss ratio'!J92 -> 45.571095 | E92: 45.33606 | F92: =D92-E92 -> 0.23503497 | G92: Roughly Adequate
B100: Accident Year | C100: Earned Premiums | D100: Indicative Loss Ratio(Percentage) | E100: Target Loss Ratio%(Average ) | F100: Difference(Points) | G100: Rate Adequacy Verdict
B101: 2016 | C101: 300738 | D101: ='loss reserve and loss ratio'!J101 -> 84.191888 | E101: 73.423216 | F101: =D101-E101 -> 10.768672 | G101: Undercharged
B102: 2017 | C102: 266435 | D102: ='loss reserve and loss ratio'!J102 -> 100.84642 | E102: 73.423216 | F102: =D102-E102 -> 27.423204 | G102: Undercharged
B103: 2018 | C103: 253902 | D103: ='loss reserve and loss ratio'!J103 -> 89.271048 | E103: 73.423216 | F103: =D103-E103 -> 15.847832 | G103: Undercharged
B104: 2019 | C104: 200455 | D104: ='loss reserve and loss ratio'!J104 -> 88.13138 | E104: 73.423216 | F104: =D104-E104 -> 14.708164 | G104: Undercharged
B105: 2020 | C105: 252714 | D105: ='loss reserve and loss ratio'!J105 -> 71.414594 | E105: 73.423216 | F105: =D105-E105 -> -2.008622 | G105: Roughly Adequate
B106: 2021 | C106: 271520 | D106: ='loss reserve and loss ratio'!J106 -> 78.951423 | E106: 73.423216 | F106: =D106-E106 -> 5.5282072 | G106: Undercharged
B107: 2022 | C107: 253449 | D107: ='loss reserve and loss ratio'!J107 -> 70.578049 | E107: 73.423216 | F107: =D107-E107 -> -2.8451666 | G107: Roughly Adequate
B108: 2023 | C108: 273546 | D108: ='loss reserve and loss ratio'!J108 -> 50.98602 | E108: 73.423216 | F108: =D108-E108 -> -22.437195 | G108: Overcharged
B109: 2024 | C109: 285029 | D109: ='loss reserve and loss ratio'!J109 -> 54.168808 | E109: 73.423216 | F109: =D109-E109 -> -19.254408 | G109: Overcharged
B110: 2025 | C110: 298064 | D110: ='loss reserve and loss ratio'!J110 -> 52.743734 | E110: 73.423216 | F110: =D110-E110 -> -20.679482 | G110: Overcharged
